Item,Quantity,Rate,Value_Without_Tax
cl DAZZLE  DINNER SET 9 PCS,50.0,1016.1,23649.72
cl ROYALE MIXING BOWL 1L,6.0,295.76,887.28
cl ROYALE MIXING BOWL I PC SET WLI 1.5L,6.0,380.51,1141.53
DAZZLE STELA M MUG 18CL 6PC-NEW,6.0,487.29,1461.87
pg HEALTHIFRY+DIGITAL AIR FRYER-19003964,4.0,2538.14,10152.56
pg INSTA NOODLES MAKER-19004816,7.0,423.73,2966.11
PG CERRASTEEL SS CLAD CERAMIC TAWA 280 CP-19004626,7.0,1423.81,9966.67
pg Ss Lpg Stove MAXIMA 2B-19000182,4.0,1567.8,6271.2
pg SS Lpg Stove -COMPACT 2B-19000181,3.0,1228.81,3686.43
pg Lpg Stove NEO'25 2B GT,2.0,1525.42,3050.84
pg INSTA NOODLES MAKER-19004816,1.0,423.73,423.73
PG CERRASTEEL SS CLAD CERAMIC TAWA 280 CP-19004626,1.0,1423.81,1423.81
pg Lpg Stove NEO'25 2B GT,2.0,1525.42,3050.84
pg MIXER GRINDER ORB 750W-4 JAR,2.0,2626.27,5252.54
"cl DAZZLE DINNER PLATE 11"" PLAINWARE 6PC",6.0,305.08,1793.87
hk HA STEWPOT 5L GLID - AST 50G,2.0,2142.86,3360.01
hk NS Dosa Tava 28cm - NDT28,3.0,1500.0,3592.8
hk NS Frypan 28CM-NF28,3.0,1500.0,3528.0
hk APPACHATTY 20CM WITH GLASS LID-NBFP09G,3.0,1285.71,3023.99
hk Futura NS Frying Pan 24CM -NF24,4.0,1190.48,3733.35
cl DAZZLE  DINNER SET 9 PCS,6.0,1016.1,2837.96
cl DAZZLE DINNER SET 12 PCS,6.0,1292.37,3609.58
cl DAZZLE DS 18 PCS,6.0,1843.22,5148.12
cl Dazzle Dinner set  49 pc,5.0,4490.68,10452.05
cl ROYALE MIXING BOWL I PC SET WLI 1.5L,6.0,380.51,1118.7
NATIONAL GAS LIGHTER SANTRO,36.0,33.05,1189.8
pg NUTRI BLENDER 400W 3JAR-19004620,3.0,1355.08,4065.24
pg NUTRI BLENDER-400W - 2 JAR-19004609,3.0,1185.59,3556.77
hk APPACHATTY 20CM WITH GLASS LID-NBFP09G,6.0,1285.71,6171.41
hk Diecast Pizza Maker 30 cm,1.0,2809.52,2247.62
hk Futura Cast Iron Dosa Tava 27CM-CIDT27,2.0,1880.95,3009.52
hk NS Dosa Tava 28cm - NDT28,2.0,1419.05,2270.48
hk Big Boy Biriyani Handi 8L with Lid-NBH8,1.0,3357.14,2685.71
pg MIXER GRINDER ORB 750W-4 JAR,1.0,2626.27,2626.27
pg Ss Lpg Stove MAXIMA 2B-19000182,2.0,1567.8,3135.6
pg APPACHATTY SPECIAL-19001069,10.0,393.33,3933.3
pg O/L Cooker-CALIDA 3L IB-19000025,5.0,831.43,4157.15
pg Calida Cooker 5L O/L IB,2.0,1212.38,2424.76
USHA INSTANT WATER HEATER INSTAFRESH NEO 3L WHITE,3.0,2422.88,7268.64
Usha Mixer Grinder-Thunderbolt Red 800w,3.0,2881.36,8471.2
pg RADIANCE LED LAMP,4.0,677.12,1327.16
eg JAZZ 160 FLASK,5.0,507.63,1512.34
eg ECO STEEL 350 FLASK,5.0,592.37,1764.78
eg ECO STEEL 500 FLASK,5.0,677.12,2017.27
eg ECO STEEL 1000 FLASK,5.0,1016.1,3027.16
pg IVO HEALTHIFRY+ DIGITAL AIR FRYER 5.4L-19004931,20.0,4660.17,93203.4
pg IVO HEALTHIFRY+ DIGITAL AIR FRYER 5.4L-19004931,3.0,4660.17,13980.51
pg INSTA NOODLES MAKER-19004816,4.0,423.73,1661.02
PG CERRASTEEL SS CLAD CERAMIC TAWA 280 CP-19004626,4.0,1423.81,5581.34
pg IVO HEALTHIFRY+ DIGITAL AIR FRYER 5.4L-19004931,6.0,4660.17,27401.8
"var Mini Glory Container Set 1,2,3L-045802-NEW",6.0,233.05,753.68
"var Glory Container Set 5,7,10L Assorted-DSTG0420028",6.0,507.63,1492.43
var shaker 575 mL-AQUA0207028,6.0,160.17,517.99
var SS Tumbler 500 ml. Assorted-AQUA0209028,6.0,189.52,612.91
var Multi Container 530 ml.  DSTG0012028,6.0,122.88,397.39
var Store N Stack Round 500 ML-DSTG0501-NEW,6.0,177.12,572.81
var Store N Stack 750 ml.SF3-DSTG0502-NEW,8.0,202.54,873.36
var Store N Stack Square 1750 ml. Assorted- DSTG0516028,6.0,168.64,545.38
var Store N Stack 2500 ML-DSTG0515006,6.0,168.64,545.38
var Store N Stack Round 2000 ML-DSTG0514,4.0,185.59,400.13
var Royal Balti 17 Ltr-BATH0204028,2.0,405.93,377.92
var Crystal Mug 1.5L-BATH0401128,2.0,73.73,72.26
pg EVA INFRARED COOKTOP 2000W-19003278,2.0,2207.63,4326.95
PG CERRASTEEL SS CLAD CERAMIC TAWA 280 CP-19004626,2.0,1423.81,1395.33
pg Ultra Fast Electric Chopper,2.0,1072.03,2101.18
chk Inner Lid Cooker 6L,1.0,1358.1,1358.1
chk Inner Lid Cooker 7L,1.0,1691.43,1691.43
chk Inner Lid Cooker 8L,1.0,1851.43,1851.43
chk Inner Lid Cooker 10L,1.0,2240.0,2240.0
chk Inner Lid Cooker 12L,1.0,2721.9,2721.9
chk Alu. Inner Lid Cooker 3L,5.0,780.0,3900.0
chk Alu. Rice Cooker 1 KG,1.0,1552.38,1552.38
sr Rice Cooker ENERGY POT Large-1 KG,1.0,1540.0,1540.0
sr Janapriya China Pot XL-1.5 KG,2.0,1730.48,3289.99
sr Janapriya China Pot Giant-2 KG,2.0,2695.24,5124.19
chk PUTTUMAKER WITHOUT HANDLE,6.0,360.0,2160.0
chk PUTTU MAKER WITH HANDLE,6.0,382.86,2297.16
chk CHIRATTA PUTTUMAKER,6.0,94.29,565.74
chk SS Rice Cooker 1.5KG,2.0,2160.95,4321.9
chk SS Rice Cooker 1KG,2.0,1708.57,3417.14
sr Puttu Kudam Medium,6.0,430.48,2582.88
hk HA IC Ezee Pour Sauce Pan WL 2Ltr- IAS20S,1.0,1323.81,1050.84
hk H.A. I.C. Cook N Serve Bowl 3Ltr -  IACB30,1.0,1880.95,1493.1
Usha Dry Iron Armor,1.0,519.49,519.49
Usha Dry Iron 1602,1.0,531.36,531.36
Usha Dry Iron Aurora,1.0,625.42,625.42
Premier Instant Roti Maker-062001,1.0,1388.14,1388.14
chk SS Rice Cooker 1.5KG,1.0,2160.95,2160.95
Dazzle Quarter Plate Plain 6 Pc Set,3.0,233.9,701.7
DAZZLE STELA M MUG 18CL 6PC-NEW,3.0,487.29,730.93
cl RICCA MED MUG 18CL 6PC,3.0,402.54,603.81
cl DAZZLE  DINNER SET 9 PCS,6.0,1016.1,3048.3
cl DAZZLE DS 18 PCS,3.0,1843.22,2764.83
Premier Insta Blender 400w,3.0,1271.19,3813.57
FLAMINGO TERMO BOTTLE 1000ML,4.0,931.36,2048.99
"cl DAZZLE DINNER PLATE 11"" PLAINWARE 6PC",6.0,305.08,1830.48
"ZARAH  DINNER  PLATE 10""  (PLAINWARE) 6PC",6.0,284.75,1708.5
sr Super China Pot Regular-3/4 KG,1.0,1370.48,1237.77
sr Super China Pot Big-1KG,1.0,1515.24,1368.51
sr Super China Pot  XL-1.5 KG,1.0,1950.48,1761.61
chk Alu. Rice Cooker 1 KG,1.0,1552.38,1521.33
chk Tawa Medium 26.5 CM,3.0,490.48,1442.01
"cl DAZZLE DINNER PLATE 11"" PLAINWARE 6PC",6.0,305.08,1793.87
cl ROYALE MXBL SET 2 PC SET,6.0,321.19,944.3
"ZARAH  DINNER  PLATE 10""  (PLAINWARE) 6PC",6.0,284.75,1708.5
"cl DAZZLE DINNER PLATE 11"" PLAINWARE 6PC",6.0,305.08,1830.48
eg ECO STEEL 500 FLASK,5.0,677.12,2058.44
eg ECO STEEL 750 FLASK,3.0,888.98,1621.5
eg ECO STEEL 1000 FLASK,3.0,1016.1,1853.36
sr Janapriya China Pot Big- 1KG,2.0,1350.48,2700.96
sr Janapriya China Pot Giant-2 KG,2.0,1730.48,3460.96
PEXPO GENRO 1000 ML BOTTLE,2.0,399.05,399.05
Signoraware Aqua Steel Water Bottle 500 Ml-SGW3401,2.0,152.38,304.76
Ninos Spout Bottle 700 Disney-31920,4.0,190.68,762.72
chk Alu. Rice Cooker 1 KG,2.0,1552.38,3042.66
chk SS Rice Cooker 1KG,2.0,1708.57,3348.8
chk SS Rice Cooker 1.5KG,2.0,2160.95,4235.46
chk Appachatty,4.0,490.48,1961.92
chk Tawa Medium 26.5 CM,4.0,490.48,1961.92
sr Chiratta Puttu Maker,6.0,195.24,1171.44
sr Puttu Kudam Medium,3.0,430.48,1291.44
sr Puttu Kudam Large,2.0,455.24,910.48
sr Magic Steamer Small,3.0,684.76,2054.28
sr Magic Steamer Big,2.0,755.24,1510.48
sr Super China Pot Regular-3/4 KG,3.0,1370.48,3713.32
sr Super China Pot Big-1KG,3.0,1515.24,4105.54
sr Super China Pot  XL-1.5 KG,3.0,1950.48,5284.83
sr Janapriya China Pot Big- 1KG,3.0,1350.48,3851.3
sr Janapriya Idly Cooker 4P,3.0,870.48,2482.44
sr Janapriya Idly Cooker 6P,3.0,1080.0,3079.94
sr SS Pot 1kG,3.0,544.76,1553.54
sr SS Pot 1.5KG,3.0,644.76,1838.72
sr Super Nova 5 in 1,1.0,1650.48,1568.95
sr Chiratta Puttu Cooker,1.0,464.76,441.8
PEXPO CHROMO 750 ML BOTTLE,4.0,332.38,651.46
Usha SS Lpg Stove MAXUS 2B,1.0,1779.66,992.72
Usha Mixer Grinder-Thunderbolt Red 800w,1.0,6093.22,2985.68
pg EVA INFRARED COOKTOP 2000W-19003278,2.0,2222.88,4356.84
pg Ss Lpg Stove MAXIMA 2B-19000182,1.0,1567.8,1536.44
eg ECO STEEL 750 FLASK,2.0,888.98,1059.38
pg IVO HEALTHIFRY+ DIGITAL AIR FRYER 5.4L-19004931,2.0,4660.17,9320.34
National Elite Spin Mop (steel Wringle with handle),3.0,533.9,1601.7
eg ECO STEEL 350 FLASK,6.0,592.37,2117.74
PEXPO TERMO BOTTLE CAMEO 500ML,6.0,719.49,2326.83
pg IVO HEALTHIFRY+ DIGITAL AIR FRYER 5.4L-19004931,1.0,4660.17,4566.97
pg IVO HEALTHIFRY+ DIGITAL AIR FRYER 5.4L-19004931,2.0,4576.27,9152.54
pg EVA INFRARED COOKTOP 2000W-19003278,4.0,2222.88,8891.52
pg IVO HEALTHIFRY+ DIGITAL AIR FRYER 5.4L-19004931,2.0,4660.17,9133.93
pg EVA INFRARED COOKTOP 2000W-19003278,8.0,2222.88,17427.38
pg IVO HEALTHIFRY+ DIGITAL AIR FRYER 5.4L-19004931,2.0,4660.17,9133.93
pg EVA INFRARED COOKTOP 2000W-19003278,8.0,2222.88,17427.38
pg EVA INFRARED COOKTOP 2000W-19003278,2.0,2222.88,4356.84
pg EVA INFRARED COOKTOP 2000W-19003278,6.0,2222.88,13070.53
pg EVA INFRARED COOKTOP 2000W-19003278,2.0,2222.88,4356.84
pg Lpg Stove NEO'25 2B GT,4.0,1525.42,6101.68
pg RADIANCE LED LAMP,6.0,338.14,2028.84
Usha Dry Iron Goliath,1.0,1033.9,1033.9
Usha Dry Iron Aurora,2.0,625.42,1250.84
pg Lpg Stove NEO'25 2B GT,1.0,1525.42,1525.42
hk Pressure Cooker Big Boy 22Ltr- BB22,1.0,7428.57,6042.4
var Royal Soap Case Assorted-BATH0210028,24.0,45.76,549.12
var -Smart Saver 500ml. Set of 2-DSTG0427028,4.0,148.31,326.28
"var Mini Glory Container Set 1,2,3L-045802-NEW",6.0,233.05,769.06
var PET Clamp It Rectangle 2400ML-CLMP0203000,6.0,321.19,1059.93
var PP - Clampit 600 ml. Transparent  CLPP0005000,6.0,114.41,377.55
var Royal Pedal Bin 6L-UTLT0020028,6.0,261.86,785.58
var Royal Pedal Bin 12L-UTLT0022028,6.0,372.03,1116.09
var Mint O Mug 1000ML-BATH0112028,18.0,50.85,457.65
var shaker 575 mL-AQUA0207028,24.0,160.17,2114.24
var V Fresh 650 ml.SF4-DSTG0330,12.0,202.54,1336.76
var V Fresh 400 ml.SF4-DSTG0329,12.0,151.69,1001.15
var V Fresh 250 ml. SF4-DSTG0328028,12.0,109.32,721.51
var V Fresh 1500 ml.SF2-DSTG0332,6.0,194.07,640.43
var Royal Pedal Bin 12L-UTLT0022028,6.0,372.03,1116.09
pg EVA INFRARED COOKTOP 2000W-19003278,2.0,2222.88,4445.76
Usha Mixer Grinder-Thunderbolt Red 800w,4.0,3220.34,12881.36
pg EVA INFRARED COOKTOP 2000W-19003278,5.0,2222.88,11114.4
pg EVA INFRARED COOKTOP 2000W-19003278,2.0,2222.88,4356.84
pg EVA INFRARED COOKTOP 2000W-19003278,6.0,2222.88,13337.28
pg IVO HEALTHIFRY+ DIGITAL AIR FRYER 5.4L-19004931,1.0,4660.17,4660.17
pg IVO HEALTHIFRY+ DIGITAL AIR FRYER 5.4L-19004931,1.0,4660.17,4660.17
eg JAZZ 160 FLASK,6.0,507.63,1851.83
eg ECO STEEL 350 FLASK,6.0,592.37,2160.96
eg ECO STEEL 750 FLASK,6.0,888.98,3243.0
eg ECO STEEL 1000 FLASK,6.0,1016.1,3706.73
eg ECO STEEL 500 FLASK,4.0,677.12,1646.76
pg IVO HEALTHIFRY+ DIGITAL AIR FRYER 5.4L-19004931,1.0,4660.17,4660.17
eg ECO STEEL 750 FLASK,20.0,888.98,10593.79
pg IVO HEALTHIFRY+ DIGITAL AIR FRYER 5.4L-19004931,1.0,4660.17,4660.17
pg IVO HEALTHIFRY+ DIGITAL AIR FRYER 5.4L-19004931,1.0,4660.17,4660.17
pg HEALTHIFRY+DIGITAL AIR FRYER-19003964,2.0,2538.14,4974.75
hk Pressure Cooker Contura Black 3.5l- CB35,2.0,2309.52,3711.86
pg EVA INFRARED COOKTOP 2000W-19003278,1.0,2222.88,2222.88
Usha Dry Iron 1602,1.0,531.36,520.73
Usha Dry Iron Aurora,1.0,625.42,612.91
pg EVA INFRARED COOKTOP 2000W-19003278,1.0,2222.88,2178.42
pg SS COOKER INOX O/L 3L-19000336,1.0,1236.19,1211.47
hk Gasket Int - SG - 24nos Card,1.0,1016.95,717.56
hk Gasket Baby HDR Card 24 - BG 1,1.0,711.86,502.29
hk Safety Valve - SV 1 - 25nos Card,1.0,714.29,504.0
pg Heavy Weight Iron- TITAN 1100w-19004250,4.0,846.61,3318.71
pg Jumbo LPG 2B,1.0,1694.92,1694.92
pg APPACHATTY SPECIAL-19001069,3.0,398.1,1194.3
PG MIXER GRINDER ORB 750W 3J ALPINE GREEN-19004230,2.0,2287.29,4574.58
pg MIXER GRINDER ORB 750W-4 JAR,1.0,2626.27,2626.27
pg STORM IB FRY PAN 240MM-19000331,3.0,609.52,1828.56
pg NUTRI BLENDER 400W 3JAR-19004620,3.0,1355.08,4065.24
pg NUTRI BLENDER-400W - 2 JAR-19004609,2.0,1185.59,2371.18
pg NUTRI BLENDER-400W - 2 JAR-19004609,2.0,1185.59,2371.18
pg RADIANCE LED LAMP,3.0,338.14,1014.42
pg EVA INFRARED COOKTOP 2000W-19003278,2.0,2222.88,4445.76
pg Swift Plus Multi Cook Kettle 1.5L,12.0,1057.63,12437.73
pg Pop Up Toaster-19003813,16.0,846.61,13274.84
pg EVA INFRARED COOKTOP 2000W-19003278,2.0,2222.88,4445.76
pg Lpg Stove AYUSH BLK 2B-19001659,2.0,1906.78,3813.56
pg INSTA NOODLES MAKER-19004816,2.0,931.36,1862.72
pg Swift Plus Multi Cook Kettle 1.5L,6.0,1015.25,6091.5
hk Pressure Cooker Contura Black 3L- CB30,1.0,2190.48,1781.74
USHA INSTANT WATER HEATER INSTAFRESH NEO 3L WHITE,1.0,2422.88,2374.42
Gas Cylinder Plastic Trolley,3.0,84.75,249.16
pg NUTRI BLENDER 400W 3JAR-19004620,3.0,1355.08,3983.94
pg EVA INFRARED COOKTOP 2000W-19003278,6.0,2222.88,13070.53
pg GLASSTOP 2BR AYUSH,4.0,1906.78,7474.58
pg INSTA NOODLES MAKER-19004816,4.0,931.36,3650.93
pg HEALTHIFRY+DIGITAL AIR FRYER-19003964,4.0,2538.14,9949.51
pg 1.2 L  MULTI PURPOSE KESSEL-19001663,4.0,782.2,3066.22
pg Swift Plus Multi Cook Kettle 1.5L,6.0,1015.25,5969.67
pg Pop Up Toaster-19003813,4.0,846.61,3318.71
hk P.C. Stainless Steel 5L- HSS50,2.0,3380.95,5433.86
hk P. C. Stainless Steel 4Ltr - HSS40,2.0,3238.1,5204.27
hk Stainless Steel P.C. 2Ltr - HSS20,2.0,2452.38,3941.46
hk Pressure Cooker Classic 8Ltr - CL8T,1.0,2595.24,2085.54
hk P.C. Classic 6.5Ltr - CL65,1.0,2404.76,1932.46
hk Futura NS FryPan with G/lid 224 cm-NF24G,3.0,1452.38,3416.0
hk IB NS Dosa Tawa 28cm-INDT28,1.0,1714.29,1344.0
hk APPACHATTY 20CM WITH GLASS LID-NBFP09G,3.0,1285.71,3023.99
hk Futura NS Biriyani Handi 12L-NBH12,2.0,4380.95,6869.33
cl DAZZLE DINNER SET 23 PCS,5.0,2366.95,11598.05
cl DAZZLE DS 29 PCS,5.0,0.85,4.25
cl ROYALE MIXING BOWL 1L,5.0,0.85,4.25
cl DAZZLE DINNER SET 12 PCS,6.0,1292.37,3609.58
cl DAZZLE DS 18 PCS,3.0,1843.22,2574.06
PORCELANA MUG-TIERRA-30  CL-ONYX  BLACK-GOLD,6.0,360.95,1008.14
PORCELANA MUG-TIERRA-30  CL-WHITE-GOLD,6.0,360.95,1008.14
PORCELANA MUG-TIERRA-30 CL-ONYX BLACK-PLATINUM,6.0,360.95,1061.19
PORCELANA MUG-TIERRA-30  CL TWIN COLOR,12.0,265.71,1406.13
PORCELANA MUG-TIERRA-23  CL-2PCS,12.0,437.14,2441.87
pg Jumbo LPG 2B,2.0,1694.92,3389.84
pg SS LPG STOVE DUO 2B,1.0,1694.92,1694.92
hk HA STEWPOT 5L GLID - AST 50G,1.0,2142.86,1701.01
hk NS Frypan 28CM-NF28,1.0,1500.0,1190.7
Usha Dry Iron 2802,3.0,431.34,1294.02
Usha BLDC Ceiling Fan AEROEDGE PLUS Brown,5.0,3389.83,16610.17
var MEALMATE 900 LUNCH0089003,1.0,665.71,358.82
hk H.A. Stew Pot W/L 8.5Ltr - AST85,1.0,3095.24,2426.67
hk Ceramic NS IB Handi 3 L-ICH30G,2.0,2085.71,3270.4
hk Ceramic NS Ind Tawa 24 cm-ICT24,4.0,1166.67,3658.67
hk NS Dosa Tava 33cm - NDT33,3.0,1785.71,4199.99
hk NS Dosa Tava 30cm - NDT30,3.0,1595.24,3752.01
hk ICNS Futura Flat Tawa 30cm - INFT30,2.0,1785.71,2800.0
hk NS Flat Tava 26cm Ind - INFT26,2.0,1571.43,2464.0
hk Pressure Cooker Classic 2ltr - CL20,3.0,1357.14,3192.0
pg Induction Cooktop-PRIME 1800W-19003446,8.0,423.73,3322.04
pg O/L Cooker-CALIDA 3L IB-19000025,8.0,1647.62,12917.34
pg 1.2 L  MULTI PURPOSE KESSEL-19001663,6.0,824.58,4848.53
pg STORM TAWA 280 IB-19000330,5.0,633.33,3103.32
pg STORM IB FRY PAN 240MM-19000331,5.0,609.52,2986.65
pg STORM IB FRY PAN 260MM-19000332,5.0,633.33,3103.32
pg STORM SERIES KADAI 300 IB 19000334,5.0,847.62,4153.34
pg APPACHATTY SPECIAL-19001069,20.0,284.76,5581.3
pg SS COOKER INOX O/L 5 L,6.0,1545.71,9088.77
pg SS COOKER INOX O/L 3L-19000336,6.0,1236.19,7268.8
pg Imperi Cast Iron Appachatty 220 MM-19003987,12.0,380.0,4468.8
pg SS Lpg Stove -COMPACT 2B-19000181,4.0,1271.19,4983.06
pg Ss Lpg Stove MAXIMA 2B-19000182,4.0,1694.92,6644.09
pg Lpg Stove AYUSH BLK 2B-19001659,5.0,1228.81,6021.17
pg Induction Cooktop-PRIME 1800W-19003446,5.0,889.83,4360.17
pg SS COOKER INOX O/L 3L-19000336,5.0,1571.43,7700.01
pg APPACHATTY SPECIAL-19001069,5.0,666.67,3266.68
Usha Ceiling Fan SWIFT 1200mm Brown,4.0,1461.86,5730.49
pg O/L Cooker-CALIDA 3L IB-19000025,10.0,902.86,9028.6
pg Imperi Cast Iron Appachatty 220 MM-19003987,10.0,380.0,3800.0
pg Induction Cooktop-PRIME 1800W-19003446,3.0,423.73,1271.19
pg O/L Cooker-CALIDA 3L IB-19000025,3.0,1647.62,4942.86
pg Lpg Stove AYUSH BLK 2B-19001659,2.0,1906.78,3813.56
pg Glass Top AYUSH BLK 3B,3.0,2542.37,7627.11
pg INSTA NOODLES MAKER-19004816,5.0,931.36,4656.8
pg STORM IB FRY PAN 240MM-19000331,6.0,609.52,3657.12
pg STORM IB FRY PAN 260MM-19000332,6.0,633.33,3799.98
pg STORM TAWA 280 IB-19000330,6.0,633.33,3799.98
pg STORM SERIES KADAI 300 IB 19000334,3.0,847.62,2542.86
PIGEN STORM IB KADAI 200MM-19000333,3.0,766.67,2300.01
pg APPACHATTY SPECIAL-19001069,24.0,284.76,6834.24
pg - VITA GIFT SET,5.0,1045.71,5228.55
pg APPACHATTY SPECIAL-19001069,5.0,284.76,1423.8
pg HEALTHIFRY+DIGITAL AIR FRYER-19003964,2.0,2538.14,5076.28
pg Lpg Stove AYUSH BLK 2B-19001659,3.0,1228.81,3686.43
pg Induction Cooktop-PRIME 1800W-19003446,3.0,889.83,2669.49
pg SS COOKER INOX O/L 3L-19000336,3.0,1571.43,4714.29
pg APPACHATTY SPECIAL-19001069,3.0,666.67,2000.01
PORCELANA MUG-TIERRA-30  CL-ONYX  BLACK-GOLD,3.0,360.95,541.42
PORCELANA MUG-TIERRA-23  CL-2PCS,12.0,437.14,2491.7
cl IMPERIAL STORAGE CONTAINER 3 PC FP,3.0,724.58,1086.87
pg Induction Cooktop-PRIME 1800W-19003446,24.0,423.73,10169.52
pg O/L Cooker-CALIDA 3L IB-19000025,24.0,1647.62,39542.88
pg CORDLESS DRY IRON 1300W,12.0,617.8,7413.6
pg 1.2 L  MULTI PURPOSE KESSEL-19001663,6.0,824.58,4947.48
pg Lpg Stove AYUSH BLK 2B-19001659,24.0,1228.81,29491.44
pg Induction Cooktop-PRIME 1800W-19003446,24.0,889.83,21355.92
pg SS COOKER INOX O/L 3L-19000336,24.0,1571.43,37714.32
pg APPACHATTY SPECIAL-19001069,24.0,666.67,16000.08
pg Lpg Stove AYUSH BLK 2B-19001659,5.0,1228.81,6144.05
pg Induction Cooktop-PRIME 1800W-19003446,5.0,889.83,4449.15
pg SS COOKER INOX O/L 3L-19000336,5.0,1571.43,7857.15
pg APPACHATTY SPECIAL-19001069,5.0,666.67,3333.35
pg Induction Cooktop-PRIME 1800W-19003446,6.0,423.73,2466.11
pg O/L Cooker-CALIDA 3L IB-19000025,6.0,1647.62,9589.15
pg IVO HEALTHIFRY+ DIGITAL AIR FRYER 5.4L-19004931,5.0,4660.17,22601.82
pg O/L Cooker-CALIDA 3L IB-19000025,5.0,902.86,4514.3
pg Imperi Cast Iron Appachatty 220 MM-19003987,5.0,380.0,1900.0
pg Imperi Cast Iron Dosa Tawa 300 MM-19002174,2.0,894.29,1788.58
pg EVA INFRARED COOKTOP 2000W-19003278,2.0,2222.88,4445.76
PORCELANA MUG-TIERRA-23  CL-2PCS,3.0,437.14,655.71
pg O/L Cooker-CALIDA 3L IB-19000025,6.0,902.86,5417.16
pg Imperi Cast Iron Appachatty 220 MM-19003987,6.0,380.0,2280.0
pg Lpg Stove AYUSH BLK 2B-19001659,3.0,1906.78,5720.34
pg INSTA NOODLES MAKER-19004816,3.0,931.36,2794.08
pg Induction Cooktop-PRIME 1800W-19003446,2.0,423.73,847.46
pg O/L Cooker-CALIDA 3L IB-19000025,2.0,1647.62,3295.24
pg IVO HEALTHIFRY+ DIGITAL AIR FRYER 5.4L-19004931,2.0,4660.17,9320.34
pg 1.2 L  MULTI PURPOSE KESSEL-19001663,2.0,824.58,1649.16
pg CORDLESS DRY IRON 1300W,2.0,617.8,1235.6
pg COMFY 1000W DRY IRON-,3.0,422.88,1268.64
pg Lpg Stove AYUSH BLK 2B-19001659,1.0,1228.81,1228.81
pg Induction Cooktop-PRIME 1800W-19003446,1.0,889.83,889.83
pg SS COOKER INOX O/L 3L-19000336,1.0,1571.43,1571.43
pg APPACHATTY SPECIAL-19001069,1.0,666.67,666.67
hk Futura Dual Hob Induction FIC2A1,4.0,8389.83,26639.39
var Store N Stack Round 2000 ML-DSTG0514 -NEW,12.0,168.64,1113.02
var Store N Stack 1000 ml.SF2-DSTG0503-NEW,12.0,185.59,1224.89
var Store N Stack 750 ml.SF3-DSTG0502-NEW,12.0,202.54,1336.76
var Store N Stack Round 500 ML-DSTG0501-NEW,12.0,177.12,1168.99
pg Induction Cooktop-PRIME 1800W-19003446,5.0,423.73,2118.65
pg O/L Cooker-CALIDA 3L IB-19000025,5.0,1647.62,8238.1
pg SS COOKER INOX O/L 3L-19000336,4.0,1236.19,4944.76
pg SS COOKER INOX O/L 5 L,4.0,1545.71,6182.84
pg Imperi Cast Iron Appachatty 220 MM-19003987,8.0,380.0,3040.0
pg EVA INFRARED COOKTOP 2000W-19003278,3.0,2222.88,6668.64
pg STORM TAWA 280 IB-19000330,3.0,633.33,1899.99
pg STORM IB FRY PAN 240MM-19000331,3.0,609.52,1828.56
pg STORM IB FRY PAN 260MM-19000332,3.0,633.33,1899.99
pg APPACHATTY SPECIAL-19001069,9.0,284.76,2562.84
pg HEALTHIFRY+DIGITAL AIR FRYER-19003964,1.0,2538.14,2538.14
pg CORDLESS DRY IRON 1300W,4.0,617.8,2471.2
pg NUTRI BLENDER-400W - 2 JAR-19004609,1.0,1270.34,1270.34
pg NUTRI BLENDER 400W 3JAR-19004620,1.0,1439.83,1439.83
pg SS Lpg Stove -COMPACT 2B-19000181,3.0,1271.19,3813.57
pg Ss Lpg Stove MAXIMA 2B-19000182,3.0,1694.92,5084.76
pg Lpg Stove AYUSH BLK 2B-19001659,3.0,1228.81,3686.43
pg Induction Cooktop-PRIME 1800W-19003446,3.0,889.83,2669.49
pg SS COOKER INOX O/L 3L-19000336,3.0,1571.43,4714.29
pg APPACHATTY SPECIAL-19001069,3.0,666.67,2000.01
National Elite Spin Mop (steel Wringle with handle),5.0,533.9,2669.5
pg Lpg Stove AYUSH BLK 2B-19001659,3.0,1228.81,3686.43
pg Induction Cooktop-PRIME 1800W-19003446,3.0,889.83,2669.49
pg SS COOKER INOX O/L 3L-19000336,3.0,1571.43,4714.29
pg APPACHATTY SPECIAL-19001069,3.0,666.67,2000.01
pg Lpg Stove AYUSH BLK 2B-19001659,1.0,1228.81,1228.81
pg Induction Cooktop-PRIME 1800W-19003446,1.0,889.83,889.83
pg SS COOKER INOX O/L 3L-19000336,1.0,1571.43,1571.43
pg APPACHATTY SPECIAL-19001069,1.0,666.67,666.67
pg O/L Cooker-CALIDA 3L IB-19000025,3.0,902.86,2708.58
pg Imperi Cast Iron Appachatty 220 MM-19003987,3.0,380.0,1140.0
pg CORDLESS DRY IRON 1300W,1.0,617.8,617.8
pg RADIANCE LED LAMP,2.0,338.14,676.28
pg NUTRI BLENDER-400W - 2 JAR-19004609,2.0,1270.34,2540.68
pg Lpg Stove AYUSH BLK 2B-19001659,1.0,1228.81,1228.81
pg Induction Cooktop-PRIME 1800W-19003446,1.0,889.83,889.83
pg SS COOKER INOX O/L 3L-19000336,1.0,1571.43,1571.43
pg APPACHATTY SPECIAL-19001069,1.0,666.67,666.67
pg EVA INFRARED COOKTOP 2000W-19003278,4.0,2222.88,8891.52
pg CORDLESS DRY IRON 1300W,3.0,617.8,1853.4
pg SS COOKER INOX O/L 3L-19000336,3.0,1236.19,3708.57
pg SS COOKER INOX O/L 5 L,3.0,1545.71,4637.13
pg Imperi Cast Iron Appachatty 220 MM-19003987,6.0,380.0,2280.0
pg O/L Cooker-CALIDA 3L IB-19000025,4.0,902.86,3611.44
pg Imperi Cast Iron Appachatty 220 MM-19003987,4.0,380.0,1520.0
pg STORM SERIES KADAI 300 IB 19000334,4.0,847.62,3390.48
pg STORM IB FRY PAN 240MM-19000331,4.0,609.52,2438.08
pg STORM IB FRY PAN 260MM-19000332,4.0,633.33,2533.32
pg STORM TAWA 280 IB-19000330,4.0,633.33,2533.32
pg APPACHATTY SPECIAL-19001069,16.0,284.76,4556.16
pg SS Lpg Stove -COMPACT 2B-19000181,4.0,1271.19,5084.76
pg Induction Cooktop-PRIME 1800W-19003446,2.0,423.73,847.46
pg O/L Cooker-CALIDA 3L IB-19000025,2.0,1647.62,3295.24
pg O/L Cooker-CALIDA 3L IB-19000025,3.0,902.86,2708.58
pg Imperi Cast Iron Appachatty 220 MM-19003987,3.0,380.0,1140.0
pg STORM IB FRY PAN 240MM-19000331,3.0,609.52,1828.56
pg STORM IB FRY PAN 260MM-19000332,1.0,633.33,633.33
pg STORM TAWA 280 IB-19000330,1.0,633.33,633.33
pg APPACHATTY SPECIAL-19001069,5.0,284.76,1423.8
pg Lpg Stove AYUSH BLK 2B-19001659,1.0,1228.81,1228.81
pg Induction Cooktop-PRIME 1800W-19003446,1.0,889.83,889.83
pg SS COOKER INOX O/L 3L-19000336,1.0,1571.43,1571.43
pg APPACHATTY SPECIAL-19001069,1.0,666.67,666.67
pg Induction Cooktop-PRIME 1800W-19003446,2.0,423.73,847.46
pg O/L Cooker-CALIDA 3L IB-19000025,2.0,1647.62,3295.24
pg STORM TAWA 280 IB-19000330,6.0,633.33,3799.98
pg STORM IB FRY PAN 240MM-19000331,6.0,609.52,3657.12
pg STORM IB FRY PAN 260MM-19000332,6.0,633.33,3799.98
pg STORM SERIES KADAI 300 IB 19000334,5.0,847.62,4238.1
pg APPACHATTY SPECIAL-19001069,23.0,284.76,6549.48
PG CERRASTEEL SS CLAD CERAMIC TAWA 280 CP-19004626,2.0,712.38,1424.76
PG CERRASTEEL SS CLAD CERAMIC FRY PAN 240-19004790,2.0,712.38,1424.76
pg CORDLESS DRY IRON 1300W,2.0,617.8,1235.6
pg COMFY 1000W DRY IRON-,3.0,422.88,1268.64
pg NUTRI BLENDER-400W - 2 JAR-19004609,1.0,1270.34,1270.34
var Store N Stack Square 650 ml.SF3-DSTG0507-NEW,36.0,219.49,4345.9
var Store N Stack Square 850 ml.SF3-DSTG0508-NEW,36.0,261.86,5184.83
var Store N Stack Square 1050 ml.SF2-DSTG0509-NEW,24.0,194.07,2561.72
var Store N Stack Square 1750 ml. - DSTG0516-NEW,24.0,177.12,2337.98
var Store N Stack Square 2150 ML-DSTG0517-NEW,24.0,185.59,2449.79
hk P.C. Classic 6.5Ltr - CL65,2.0,2404.76,3991.9
hk Pressure Cooker Contura Black 3.5l- CB35,1.0,2380.95,1976.19
hk P.C. C.C. Contura Apple Green 5L- CAG50,1.0,3071.43,2549.29
hk P.C. Stainless Steel Contura 5L - SSC50,2.0,3642.86,6047.15
hk IC CERENITY TOMATO RED 3L-ICR30,1.0,2428.57,2015.71
"hk HA Tava 28cm, AT28",3.0,1152.38,2765.71
hk Roti Tava 26cm IART26,3.0,1190.48,2857.15
"Futura Hard Anodised Tava 28cm,IART28",3.0,1357.14,3257.14
hk FUTURA NS FLAT TAWA  W/P HANDLE-NFT30P,2.0,1571.43,2514.29
hk Ind. NS HA Deep Fry Pan 3.75ltr WL- IAD375S,2.0,2357.14,3771.42
hk Ind. NS HA Deep Fry Pan 3.75ltr WL- IAD375G,2.0,2357.14,3771.42
hk NS Frypan 20CM with Ss Lid-NF20S,2.0,1214.29,1942.86
hk NS Frypan 24 CM with Ss Lid-NF24S,2.0,1523.81,2438.1
hk Futura NS FryPan with G/lid 224 cm-NF24G,2.0,1452.38,2323.81
hk Futura NS Frypan 20 CM with Glass Lid-NF20G,2.0,1166.67,1866.67
hk WOODEN SPATULA X5-SPTL5,22.0,133.33,2346.61
hk Bamboo Spatula Set-BSPTL3,10.0,190.48,1523.84
cl DAZZLE REGALIA GS 5PC,3.0,572.03,858.04
cl ROYALE MXBL SET 2 PC SET,3.0,321.19,481.78
"cl DAZZLE DINNER PLATE 11"" PLAINWARE 6PC",6.0,706.78,2120.34
cl DAZZLE DINNER SET 23 PCS,5.0,2366.95,11834.75
cl DAZZLE DS 29 PCS,5.0,0.85,4.25
cl ROYALE MIXING BOWL 1L,5.0,0.85,4.25
var Milano 2000 ML-DSET0056,2.0,482.2,530.42
var Imperial 2500 DSET0063028,2.0,563.56,619.92
var Roma Casserole 2700 Assorted-DSET0077028,2.0,550.0,605.0
pg HEALTHIFRY+DIGITAL AIR FRYER-19003964,2.0,2538.14,5076.28
pg SS COOKER INOX O/L 3L-19000336,2.0,1236.19,2472.38
pg SS COOKER INOX O/L 5 L,2.0,1545.71,3091.42
pg Imperi Cast Iron Appachatty 220 MM-19003987,4.0,380.0,1520.0
pg O/L Cooker-CALIDA 3L IB-19000025,2.0,902.86,1805.72
pg Imperi Cast Iron Appachatty 220 MM-19003987,2.0,380.0,760.0
pg 1.2 L  MULTI PURPOSE KESSEL-19001663,2.0,824.58,1649.16
pg STORM TAWA 280 IB-19000330,4.0,633.33,2533.32
pg APPACHATTY SPECIAL-19001069,4.0,284.76,1139.04
pg Lpg Stove AYUSH BLK 2B-19001659,2.0,1228.81,2457.62
pg Induction Cooktop-PRIME 1800W-19003446,2.0,889.83,1779.66
pg SS COOKER INOX O/L 3L-19000336,2.0,1571.43,3142.86
pg APPACHATTY SPECIAL-19001069,2.0,666.67,1333.34
eg ECO STEEL 350 FLASK,2.0,592.37,705.91
eg ECO STEEL 750 FLASK,2.0,888.98,1059.38
eg ECO STEEL 1000 FLASK,2.0,1016.1,1210.87
pg Lpg Stove AYUSH BLK 2B-19001659,4.0,1228.81,4915.24
pg Induction Cooktop-PRIME 1800W-19003446,4.0,889.83,3559.32
pg SS COOKER INOX O/L 3L-19000336,4.0,1571.43,6285.72
pg APPACHATTY SPECIAL-19001069,4.0,666.67,2666.68
pg O/L Cooker-CALIDA 3L IB-19000025,2.0,902.86,1805.72
pg Imperi Cast Iron Appachatty 220 MM-19003987,2.0,380.0,760.0
pg STORM TAWA 280 IB-19000330,6.0,633.33,3799.98
pg STORM IB FRY PAN 240MM-19000331,6.0,609.52,3657.12
pg STORM IB FRY PAN 260MM-19000332,6.0,633.33,3799.98
pg STORM SERIES KADAI 300 IB 19000334,3.0,847.62,2542.86
PIGEN STORM IB KADAI 200MM-19000333,3.0,766.67,2300.01
pg APPACHATTY SPECIAL-19001069,24.0,284.76,6834.24
pg Induction Cooktop-PRIME 1800W-19003446,3.0,423.73,1271.19
pg O/L Cooker-CALIDA 3L IB-19000025,3.0,1647.62,4942.86
pg Lpg Stove NEO'25 2B GT,2.0,1525.42,3050.84
pg Ss Lpg Stove MAXIMA 2B-19000182,2.0,1694.92,3389.84
pg SS Lpg Stove -COMPACT 2B-19000181,2.0,1271.19,2542.38
pg CORDLESS DRY IRON 1300W,3.0,617.8,1853.4
pg NUTRI BLENDER 400W 3JAR-19004620,1.0,1439.83,1439.83
pg NUTRI BLENDER-400W - 2 JAR-19004609,1.0,1270.34,1270.34
pg Ultra Fast Electric Chopper,3.0,1072.03,3216.09
Usha Mixer Grinder-Thunderbolt Red 800w,2.0,3220.34,6440.68
eg JAZZ 160 FLASK,4.0,507.63,1234.55
eg ECO STEEL 350 FLASK,4.0,592.37,1440.65
hk Big Boy Biriyani Handi 8L with Lid-NBH8,1.0,3357.14,2632.0
Roti Tava 24 cm IART24,1.0,1071.43,840.0
hk Roti Tava 26cm IART26,1.0,1190.48,933.33
"hk NS 1.5L Kadhai W/lid, Nk15S",2.0,1285.71,2016.0
pg Induction Cooktop-PRIME 1800W-19003446,1.0,423.73,415.26
pg O/L Cooker-CALIDA 3L IB-19000025,1.0,1647.62,1614.67
pg NUTRI MASTER 2 Jars-16002387,1.0,1270.34,1244.93
pg Ultra Fast Electric Chopper,1.0,1072.03,1050.59
pg O/L Cooker-CALIDA 3L IB-19000025,2.0,902.86,1769.61
pg Imperi Cast Iron Appachatty 220 MM-19003987,2.0,380.0,744.8
pg Lpg Stove AYUSH BLK 2B-19001659,1.0,1228.81,1204.23
pg Induction Cooktop-PRIME 1800W-19003446,1.0,889.83,872.03
pg SS COOKER INOX O/L 3L-19000336,1.0,1571.43,1540.0
pg APPACHATTY SPECIAL-19001069,1.0,666.67,653.34
pg Induction Cooktop-PRIME 1800W-19003446,2.0,423.73,847.46
pg O/L Cooker-CALIDA 3L IB-19000025,2.0,1647.62,3295.24
pg EVA INFRARED COOKTOP 2000W-19003278,2.0,2222.88,4445.76
pg SS Lpg Stove -COMPACT 2B-19000181,1.0,1271.19,1271.19
Usha Ceiling Fan SWIFT 1200mm Brown,4.0,1461.86,5847.44
pg IVO HEALTHIFRY+ DIGITAL AIR FRYER 5.4L-19004931,5.0,4660.17,22834.83
pg RADIANCE LED LAMP,1.0,338.14,338.14
pg HEALTHIFRY+DIGITAL AIR FRYER-19003964,1.0,2538.14,2538.14
cl ROYALE MIXING BOWL 1L,6.0,295.76,1064.74
cl ROYALE MIXING BOWL I PC SET WLI 1.5L,6.0,380.51,1141.53
PORCELANA MUG-TIERRA-30  CL TWIN COLOR,12.0,265.71,1434.83
pg Lpg Stove AYUSH BLK 2B-19001659,4.0,1906.78,7627.12
pg INSTA NOODLES MAKER-19004816,4.0,931.36,3725.44
pg Glass Top AYUSH BLK 3B,4.0,2542.37,10169.48
pg INSTA NOODLES MAKER-19004816,4.0,931.36,3725.44
pg 1.2 L  MULTI PURPOSE KESSEL-19001663,4.0,824.58,3298.32
pg O/L Cooker-CALIDA 3L IB-19000025,4.0,1647.62,6590.48
pg Induction Cooktop-PRIME 1800W-19003446,4.0,423.73,1694.92
Usha Dry Iron 2802,3.0,474.58,1395.27
sr Magic Steamer Small,3.0,684.76,1952.8
sr Magic Steamer Big,2.0,755.24,1435.87
sr Janapriya Idly Cooker 4P,2.0,870.48,1654.96
chk PUTTU MAKER WITH HANDLE,3.0,382.86,1125.61
chk PUTTUMAKER WITHOUT HANDLE,3.0,360.0,1058.4
sr Vattayappam Stand 3plate,1.0,414.29,393.82
sr Super China Pot  XL-1.5 KG,3.0,1950.48,5395.51
hk NS Frypan 28CM-NF28,1.0,1500.0,1190.7
hk IC NS FP 29 cm w/l-INFS29S,1.0,2166.67,1719.9
hk Bamboo Spatula Set-BSPTL3,2.0,190.48,302.41
hk P.C. Stainless Steel Tall 3L- HSS3T,1.0,2880.95,2343.37
eg ECO STEEL 350 FLASK,4.0,592.37,1440.65
eg JAZZ 160 FLASK,2.0,507.63,617.28
sr Puttu Kudam Large,1.0,455.24,432.75
sr Puttu Kudam Medium,4.0,430.48,1636.85
sr Chiratta Puttu Maker,4.0,195.24,742.38
PREMIER LEGEND FRYPAN 260MM-059533,2.0,1619.05,1619.05
Premier Legend Tawa 30CM-059505,1.0,1923.81,961.9
Premier Legend Tawa 32CM-059506,2.0,2066.67,2066.67
sr Janapriya China Pot Big- 1KG,2.0,1350.48,2700.96
chk Alu. Inner Lid Cooker 5L,3.0,1133.33,3399.99
chk Inner Lid Cooker 7L,3.0,1691.43,5074.29
chk Inner Lid Cooker 8L,2.0,1851.43,3702.86
chk Inner Lid Cooker 12L,2.0,2721.9,5443.8
chk Alu. Inner Lid Cooker 3L,10.0,780.0,7800.0
sr Chiratta Puttu Maker,12.0,195.24,2342.88
sr Rice Cooker ENERGY POT Large-1 KG,6.0,1540.0,9240.0
sr Rice Cooker ENERGY POT XL-1.5KG,6.0,1980.0,11880.0
hk Pressure Cooker Classic 5Ltr - CL50,3.0,2166.67,5287.11
sr Janapriya China Pot Big- 1KG,4.0,1350.48,5135.06
sr Janapriya China Pot XL-1.5 KG,4.0,1730.48,6579.97
chk Alu. Rice Cooker 1 KG,1.0,1552.38,1552.38
sr Puttu Kudam Medium,2.0,430.48,860.96
sr Janapriya China Pot Big- 1KG,12.0,1350.48,15405.2
sr Janapriya China Pot XL-1.5 KG,12.0,1730.48,19739.93
sr Janapriya  China Pot  Regula-3/4KG,2.0,1175.24,2234.37
hk P.C. Stainless Steel 5L- HSS50,2.0,3523.81,5732.53
hk P.C. Stainless Steel Tall 3L- HSS3T,4.0,2880.95,9373.45
sr Rice Cooker ENERGY POT XL-1.5KG,10.0,1980.0,19800.0
hk P.C. Stainless Steel Tall 3L- HSS3T,3.0,2880.95,7030.1
hk P.C. Stainless Steel 5L- HSS50,3.0,3380.95,8250.2
hk P.C. C.C. Contura Apple Green 3L- CAG30,1.0,2333.33,1897.93
sr Super China Pot Regular-3/4 KG,4.0,1370.48,5054.78
sr Super China Pot Big-1KG,6.0,1515.24,8383.06
sr Super China Pot  XL-1.5 KG,6.0,1950.48,10791.02
sr Magic Steamer Big,3.0,755.24,2265.72
sr Magic Steamer XL,3.0,860.0,2580.0
sr Double Decker 2 Way Steamer,3.0,995.24,2985.72
PORCELANA MUG-TIERRA-30  CL TWIN COLOR,6.0,265.71,797.13
PORCELANA MUG-TIERRA-30  CL TWIN COLOR,36.0,265.71,4304.5
cl RICCA MED MUG 18CL 6PC,36.0,402.54,7810.88
pg O/L Cooker-CALIDA 3L IB-19000025,4.0,1647.62,6590.48
pg Induction Cooktop-PRIME 1800W-19003446,4.0,423.73,1694.92
pg COMFY 1000W DRY IRON-,12.0,422.88,5074.56
pg Heavy Weight Iron- TITAN 1100w-19004250,2.0,846.61,1693.22
pg Lpg Stove AYUSH BLK 2B-19001659,4.0,1906.78,7627.12
pg INSTA NOODLES MAKER-19004816,4.0,931.36,3725.44
pg O/L Cooker-CALIDA 3L IB-19000025,10.0,1647.62,16476.2
pg Induction Cooktop-PRIME 1800W-19003446,10.0,423.73,4237.3
pg COMFY 1000W DRY IRON-,10.0,422.88,4228.8
pg Heavy Weight Iron- TITAN 1100w-19004250,5.0,846.61,4233.05
pg SS Lpg Stove -COMPACT 2B-19000181,3.0,1271.19,3813.57
pg Ss Lpg Stove MAXIMA 2B-19000182,3.0,1694.92,5084.76
pg HOT KETTLE 1.5L-19001178,2.0,464.41,928.82
pg Lpg Stove AYUSH BLK 2B-19001659,6.0,1906.78,11440.68
pg INSTA NOODLES MAKER-19004816,6.0,931.36,5588.16
pg EVA INFRARED COOKTOP 2000W-19003278,5.0,2222.88,11114.4
pg Lpg Stove AYUSH BLK 2B-19001659,3.0,1228.81,3686.43
pg Induction Cooktop-PRIME 1800W-19003446,3.0,889.83,2669.49
pg SS COOKER INOX O/L 3L-19000336,3.0,1571.43,4714.29
pg APPACHATTY SPECIAL-19001069,3.0,666.67,2000.01
chk RUBBER GASKET TRC 1.5KG,3.0,31.36,92.2
chk RUBBER GASKET TRC 1KG,3.0,26.27,77.23
sr RICE COOKER GASKET 1.5KG,3.0,46.61,137.03
sr RICE COOKER GASKET 2KG,3.0,50.85,149.5
sr RICE COOKER GASKET  0.75KG,3.0,38.14,112.13
sr RICE COOKER GASKET 1 KG,3.0,42.37,124.57
pg COMFY 1000W DRY IRON-,3.0,422.88,1268.64
pg STORM TAWA 280 IB-19000330,2.0,633.33,1266.66
pg STORM IB FRY PAN 240MM-19000331,2.0,609.52,1219.04
pg STORM IB FRY PAN 260MM-19000332,2.0,633.33,1266.66
pg APPACHATTY SPECIAL-19001069,6.0,284.76,1708.56
sr Super China Pot  XL-1.5 KG,3.0,1950.48,5395.51
sr Super China Pot GIANT-2 KG,3.0,2935.24,8119.59
sr Magic Steamer Small,3.0,684.76,1952.8
sr Micro Puttu Maker,6.0,260.0,1482.94
sr IDLY MULTIPOT 10 IDLY,2.0,1080.0,2053.3
pg CORDLESS DRY IRON 1300W,2.0,617.8,1235.6
pg Heavy Weight Iron- TITAN 1100w-19004250,2.0,846.61,1693.22
pg COMFY 1000W DRY IRON-,2.0,422.88,845.76
pg SS Lpg Stove -COMPACT 2B-19000181,3.0,1271.19,3813.57
pg Lpg Stove AYUSH BLK 2B-19001659,2.0,1906.78,3813.56
pg INSTA NOODLES MAKER-19004816,2.0,931.36,1862.72
pg EVA INFRARED COOKTOP 2000W-19003278,6.0,2222.88,13337.28
pg IVO HEALTHIFRY+ DIGITAL AIR FRYER 5.4L-19004931,1.0,4660.17,4660.17
pg O/L Cooker-CALIDA 3L IB-19000025,5.0,902.86,4514.3
pg Imperi Cast Iron Appachatty 220 MM-19003987,5.0,380.0,1900.0
PG MIXER GRINDER ORB 750W 3J ALPINE GREEN-19004230,1.0,2456.78,2456.78
pg Lpg Stove AYUSH BLK 2B-19001659,2.0,1228.81,2457.62
pg Induction Cooktop-PRIME 1800W-19003446,2.0,889.83,1779.66
pg SS COOKER INOX O/L 3L-19000336,2.0,1571.43,3142.86
pg APPACHATTY SPECIAL-19001069,2.0,666.67,1333.34
pg NUTRI BLENDER-400W - 2 JAR-19004609,4.0,1270.34,4979.73
pg Ultra Fast Electric Chopper,4.0,1072.03,4202.36
pg Induction Cooktop-PRIME 1800W-19003446,4.0,423.73,1661.02
pg O/L Cooker-CALIDA 3L IB-19000025,4.0,1647.62,6458.67
pg CORDLESS DRY IRON 1300W,2.0,617.8,1210.89
PREMIER NETRAA PRESSURE COOKER 30L-001785,1.0,12047.62,9035.71
pg Imperi Cast Iron Dosa Tawa 300 MM-19002174,3.0,809.52,2428.56
hk N.S. HA Deep Fry Pan W.L. 5L-  AD50S,1.0,2666.67,2116.8
hk Futura HA CnS IB Handi 4L W/G Lid -IACH40G,1.0,2190.48,1738.8
hk Bamboo Spatula Set-BSPTL3,3.0,190.48,453.61
pg SS COOKER INOX O/L 3L-19000336,2.0,1236.19,2422.93
pg Imperi Cast Iron Appachatty 220 MM-19003987,2.0,380.0,744.8
pg O/L Cooker-CALIDA 3L IB-19000025,2.0,1647.62,3229.34
pg Induction Cooktop-PRIME 1800W-19003446,2.0,423.73,830.51
sr Super China Pot Big-1KG,6.0,1515.24,9091.44
sr Super China Pot  XL-1.5 KG,6.0,1950.48,11702.88
sr Micro Puttu Maker,6.0,260.0,1560.0
sr Puttu Kudam Large,3.0,455.24,1365.72
sr Puttu Kudam Medium,3.0,430.48,1291.44
sr Magic Steamer Small,2.0,684.76,1369.52
sr Magic Steamer Big,2.0,755.24,1510.48
sr Magic Steamer XL,2.0,860.0,1720.0
sr Super China Pot Big-1KG,6.0,1515.24,8383.06
sr Super China Pot  XL-1.5 KG,6.0,1950.48,10791.02
sr Chiratta Puttu Maker,6.0,195.24,1113.57
chk SS Rice Cooker 1.5KG,2.0,2160.95,4321.9
chk SS Rice Cooker 1KG,2.0,1708.57,3417.14
hk Pressure Cooker Big Boy 22Ltr- BB22,1.0,7428.57,6042.4
var MEALMATE 900 LUNCH0089003,1.0,665.71,358.82
pg Induction Cooktop-PRIME 1800W-19003446,2.0,423.73,830.51
pg O/L Cooker-CALIDA 3L IB-19000025,2.0,1647.62,3229.34
pg EVA INFRARED COOKTOP 2000W-19003278,1.0,2222.88,2178.42
pg EVA INFRARED COOKTOP 2000W-19003278,12.0,2222.88,26141.07
pg Lpg Stove AYUSH BLK 2B-19001659,1.0,1228.81,1228.81
pg Induction Cooktop-PRIME 1800W-19003446,1.0,889.83,889.83
pg SS COOKER INOX O/L 3L-19000336,1.0,1571.43,1571.43
pg APPACHATTY SPECIAL-19001069,1.0,666.67,666.67
pg Mixer Grinder SMARTY 550W-16002630,1.0,1144.07,1144.07
pg Lpg Stove AYUSH BLK 2B-19001659,1.0,1228.81,1228.81
pg Induction Cooktop-PRIME 1800W-19003446,1.0,889.83,889.83
pg Non Stick Duo Pack (FT 250-Fp)-19000818,1.0,971.43,971.43
pg DELUXE Cooker 3L O/L-19000018,1.0,1406.67,1406.67
pg APPACHATTY SPECIAL-19001069,1.0,666.67,666.67
pg EVA INFRARED COOKTOP 2000W-19003278,2.0,2222.88,4445.76
pg Induction Cooktop-PRIME 1800W-19003446,4.0,423.73,1694.92
pg O/L Cooker-CALIDA 3L IB-19000025,4.0,1647.62,6590.48
pg Induction Cooktop-PRIME 1800W-19003446,4.0,423.73,1694.92
pg O/L Cooker-CALIDA 3L IB-19000025,4.0,1647.62,6590.48
pg EVA INFRARED COOKTOP 2000W-19003278,6.0,2222.88,13337.28
pg Mixer Grinder SMARTY 550W-16002630,3.0,1144.07,3432.21
pg Lpg Stove AYUSH BLK 2B-19001659,3.0,1228.81,3686.43
pg Induction Cooktop-PRIME 1800W-19003446,3.0,889.83,2669.49
pg Non Stick Duo Pack (FT 250-Fp)-19000818,3.0,971.43,2914.29
pg DELUXE Cooker 3L O/L-19000018,3.0,1406.67,4220.01
pg APPACHATTY SPECIAL-19001069,3.0,666.67,2000.01
pg Lpg Stove AYUSH BLK 2B-19001659,3.0,1228.81,3686.43
pg Induction Cooktop-PRIME 1800W-19003446,3.0,889.83,2669.49
pg SS COOKER INOX O/L 3L-19000336,3.0,1571.43,4714.29
pg APPACHATTY SPECIAL-19001069,3.0,666.67,2000.01
pg Lpg Stove AYUSH BLK 2B-19001659,5.0,1228.81,6144.05
pg Induction Cooktop-PRIME 1800W-19003446,5.0,889.83,4449.15
pg SS COOKER INOX O/L 3L-19000336,5.0,1571.43,7857.15
pg APPACHATTY SPECIAL-19001069,5.0,666.67,3333.35
pg EVA INFRARED COOKTOP 2000W-19003278,2.0,2222.88,4445.76
pg Lpg Stove AYUSH BLK 2B-19001659,5.0,1906.78,9533.9
pg INSTA NOODLES MAKER-19004816,5.0,931.36,4656.8
DIVINE PRE RICCA MUG M 6PC NEW,6.0,521.19,1563.57
DAZZLE STELA M MUG 18CL 6PC-NEW,3.0,487.29,730.93
cl QUEEN 13CL M CUP AND SAUCER 12PC,6.0,555.08,1898.38
var Store N Stack Round 500 ML-DSTG0501-NEW,24.0,177.12,2337.98
var Store N Stack Square 650 ml.SF3-DSTG0507-NEW,24.0,219.49,2897.27
var Store N Stack 750 ml.SF3-DSTG0502-NEW,24.0,202.54,2673.53
var Store N Stack Square 850 ml.SF3-DSTG0508-NEW,24.0,261.86,3456.55
var Store N Stack Square 1050 ml.SF2-DSTG0509-NEW,24.0,194.07,2561.72
pg Lpg Stove AYUSH BLK 2B-19001659,4.0,1228.81,4816.94
pg Induction Cooktop-PRIME 1800W-19003446,4.0,889.83,3488.13
pg SS COOKER INOX O/L 3L-19000336,4.0,1571.43,6160.01
pg APPACHATTY SPECIAL-19001069,4.0,666.67,2613.35
pg Lpg Stove AYUSH BLK 2B-19001659,5.0,1228.81,6144.05
pg Induction Cooktop-PRIME 1800W-19003446,5.0,889.83,4449.15
pg SS COOKER INOX O/L 3L-19000336,5.0,1571.43,7857.15
pg APPACHATTY SPECIAL-19001069,5.0,666.67,3333.35
pg Mixer Grinder SMARTY 550W-16002630,5.0,1144.07,5720.35
pg Lpg Stove AYUSH BLK 2B-19001659,5.0,1228.81,6144.05
pg Induction Cooktop-PRIME 1800W-19003446,5.0,889.83,4449.15
pg Non Stick Duo Pack (FT 250-Fp)-19000818,5.0,971.43,4857.15
pg DELUXE Cooker 3L O/L-19000018,5.0,1406.67,7033.35
pg APPACHATTY SPECIAL-19001069,5.0,666.67,3333.35
pg SS Lpg Stove -COMPACT 2B-19000181,3.0,1271.19,3813.57
National Premium Push Chopper 750 ML,3.0,123.73,371.19
National Elite Spin Mop (steel Wringle with handle),4.0,533.9,2135.6
pg Lpg Stove AYUSH BLK 2B-19001659,5.0,1228.81,6021.17
pg Induction Cooktop-PRIME 1800W-19003446,5.0,889.83,4360.17
pg SS COOKER INOX O/L 3L-19000336,5.0,1571.43,7700.01
pg APPACHATTY SPECIAL-19001069,5.0,666.67,3266.68
pg Mixer Grinder SMARTY 550W-16002630,4.0,1144.07,4484.75
pg Lpg Stove AYUSH BLK 2B-19001659,4.0,1228.81,4816.94
pg Induction Cooktop-PRIME 1800W-19003446,4.0,889.83,3488.13
pg Non Stick Duo Pack (FT 250-Fp)-19000818,4.0,971.43,3808.01
pg DELUXE Cooker 3L O/L-19000018,4.0,1406.67,5514.15
pg APPACHATTY SPECIAL-19001069,4.0,666.67,2613.35
pg IVO HEALTHIFRY+ DIGITAL AIR FRYER 5.4L-19004931,2.0,4660.17,9133.93
pg CORDLESS DRY IRON 1300W,4.0,617.8,2421.78
pg Induction Cooktop-PRIME 1800W-19003446,2.0,423.73,847.46
pg O/L Cooker-CALIDA 3L IB-19000025,2.0,1647.62,3295.24
pg Mixer Grinder SMARTY 550W-16002630,10.0,1144.07,11211.89
pg Lpg Stove AYUSH BLK 2B-19001659,10.0,1228.81,12042.34
pg Induction Cooktop-PRIME 1800W-19003446,10.0,889.83,8720.33
pg Non Stick Duo Pack (FT 250-Fp)-19000818,10.0,971.43,9520.01
pg DELUXE Cooker 3L O/L-19000018,10.0,1406.67,13785.37
pg APPACHATTY SPECIAL-19001069,10.0,666.67,6533.37
pg Lpg Stove AYUSH BLK 2B-19001659,5.0,1228.81,6021.17
pg Induction Cooktop-PRIME 1800W-19003446,5.0,889.83,4360.17
pg SS COOKER INOX O/L 3L-19000336,5.0,1571.43,7700.01
pg APPACHATTY SPECIAL-19001069,5.0,666.67,3266.68
pg Induction Cooktop-PRIME 1800W-19003446,3.0,423.73,1245.77
pg O/L Cooker-CALIDA 3L IB-19000025,3.0,1647.62,4844.0
pg CORDLESS DRY IRON 1300W,4.0,617.8,2421.78
pg Mixer Grinder SMARTY 550W-16002630,10.0,1144.07,11211.89
pg Lpg Stove AYUSH BLK 2B-19001659,10.0,1228.81,12042.34
pg Induction Cooktop-PRIME 1800W-19003446,10.0,889.83,8720.33
pg Non Stick Duo Pack (FT 250-Fp)-19000818,10.0,971.43,9520.01
pg DELUXE Cooker 3L O/L-19000018,10.0,1406.67,13785.37
pg APPACHATTY SPECIAL-19001069,10.0,666.67,6533.37
pg Lpg Stove AYUSH BLK 2B-19001659,5.0,1228.81,6021.17
pg Induction Cooktop-PRIME 1800W-19003446,5.0,889.83,4360.17
pg SS COOKER INOX O/L 3L-19000336,5.0,1571.43,7700.01
pg APPACHATTY SPECIAL-19001069,5.0,666.67,3266.68
pg Induction Cooktop-PRIME 1800W-19003446,3.0,423.73,1245.77
pg O/L Cooker-CALIDA 3L IB-19000025,3.0,1647.62,4844.0
pg CORDLESS DRY IRON 1300W,4.0,617.8,2421.78
hk MINI GASKET MG,10.0,25.42,179.36
pg Lpg Stove AYUSH BLK 2B-19001659,5.0,1228.81,6144.05
pg Induction Cooktop-PRIME 1800W-19003446,5.0,889.83,4449.15
pg SS COOKER INOX O/L 3L-19000336,5.0,1571.43,7857.15
pg APPACHATTY SPECIAL-19001069,5.0,666.67,3333.35
pg Mixer Grinder SMARTY 550W-16002630,2.0,1144.07,2288.14
pg Lpg Stove AYUSH BLK 2B-19001659,2.0,1228.81,2457.62
pg Induction Cooktop-PRIME 1800W-19003446,2.0,889.83,1779.66
pg Non Stick Duo Pack (FT 250-Fp)-19000818,2.0,971.43,1942.86
pg DELUXE Cooker 3L O/L-19000018,2.0,1406.67,2813.34
pg APPACHATTY SPECIAL-19001069,2.0,666.67,1333.34
hk Safety Valve - SV 1 - 25nos Card,1.0,714.29,504.0
hk Gasket Int - SG - 24nos Card,1.0,1016.95,717.56
hk Gasket Baby HDR Card 24 - BG 1,1.0,711.86,502.29
hk V WT 2-22L V 75/95 - VW75,3.0,200.0,423.36
hk V WT 1.5-12L V05 - VW05,3.0,214.29,453.61
hk Gasket Stainless Steel 3Ltr - BGSS,6.0,28.81,121.97
hk MINI GASKET MG,6.0,25.42,107.61
hk Body Handle V 95/05- B1101/BH95,4.0,72.03,203.3
hk SUB. BODY HANDLE V75-SBH75,6.0,50.85,215.28
pg Lpg Stove AYUSH BLK 2B-19001659,3.0,1906.78,5720.34
pg INSTA NOODLES MAKER-19004816,3.0,931.36,2794.08
Usha Dry Iron Goliath,2.0,1084.75,2169.5
eg ECO STEEL 1000 FLASK,2.0,1016.1,1210.87
pg IVO HEALTHIFRY+ DIGITAL AIR FRYER 5.4L-19004931,1.0,4660.17,4660.17
cl DAZZLE DINNER SET 23 PCS,5.0,2366.95,11834.75
cl DAZZLE DS 29 PCS,5.0,0.85,4.25
cl ROYALE MIXING BOWL 1L,5.0,0.85,4.25
DAZZLE STELA M MUG 18CL 6PC-NEW,24.0,487.29,5847.48
"cl DAZZLE DINNER PLATE 11"" PLAINWARE 6PC",6.0,294.92,1769.52
"cl DAZZLE DINNER PLATE 10"" 6 PC",6.0,274.58,1647.48
pg IVO HEALTHIFRY+ DIGITAL AIR FRYER 5.4L-19004931,1.0,4660.17,4566.97
pg HEALTHIFRY+DIGITAL AIR FRYER-19003964,2.0,2538.14,4974.75
"cl DAZZLE DINNER PLATE 10"" 6 PC",6.0,285.37,1677.98
Usha Dry Iron Goliath,1.0,1084.75,1063.05
pg Mixer Grinder SMARTY 550W-16002630,10.0,1144.07,11440.7
pg Lpg Stove AYUSH BLK 2B-19001659,10.0,1228.81,12288.1
pg Induction Cooktop-PRIME 1800W-19003446,10.0,889.83,8898.3
pg Non Stick Duo Pack (FT 250-Fp)-19000818,10.0,971.43,9714.3
pg DELUXE Cooker 3L O/L-19000018,10.0,1406.67,14066.7
pg APPACHATTY SPECIAL-19001069,10.0,666.67,6666.7
pg Lpg Stove AYUSH BLK 2B-19001659,10.0,1228.81,12288.1
pg Induction Cooktop-PRIME 1800W-19003446,10.0,889.83,8898.3
pg SS COOKER INOX O/L 3L-19000336,10.0,1571.43,15714.3
pg APPACHATTY SPECIAL-19001069,10.0,666.67,6666.7
pg O/L Cooker-CALIDA 3L IB-19000025,2.0,902.86,1805.72
pg Imperi Cast Iron Appachatty 220 MM-19003987,2.0,380.0,760.0
pg Glass Top AYUSH BLK 3B,6.0,2542.37,15254.22
pg INSTA NOODLES MAKER-19004816,6.0,931.36,5588.16
pg Ss Lpg Stove MAXIMA 2B-19000182,5.0,1694.92,8474.6
pg SS Lpg Stove -COMPACT 2B-19000181,5.0,1271.19,6355.95
pg IVO HEALTHIFRY+ DIGITAL AIR FRYER 5.4L-19004931,1.0,4660.17,4660.17
pg HEALTHIFRY+DIGITAL AIR FRYER-19003964,2.0,2538.14,5076.28
pg CORDLESS DRY IRON 1300W,3.0,617.8,1853.4
pg RADIANCE LED LAMP,3.0,338.14,1014.42
pg IB Inner Lid Aluminium Cooker-Storm 3L-19000254,2.0,898.1,1796.2
pg IB Inner Lid Aluminium Cooker-Storm 5L-19000256,2.0,1140.95,2281.9
pg Imperi Cast Iron Appachatty 220 MM-19003987,4.0,380.0,1520.0
pg Mixer Grinder SMARTY 550W-16002630,2.0,1144.07,2288.14
pg Lpg Stove AYUSH BLK 2B-19001659,2.0,1228.81,2457.62
pg Induction Cooktop-PRIME 1800W-19003446,2.0,889.83,1779.66
pg Non Stick Duo Pack (FT 250-Fp)-19000818,2.0,971.43,1942.86
pg DELUXE Cooker 3L O/L-19000018,2.0,1406.67,2813.34
pg APPACHATTY SPECIAL-19001069,2.0,666.67,1333.34
pg Lpg Stove AYUSH BLK 2B-19001659,2.0,1228.81,2457.62
pg Induction Cooktop-PRIME 1800W-19003446,2.0,889.83,1779.66
pg SS COOKER INOX O/L 3L-19000336,2.0,1571.43,3142.86
pg APPACHATTY SPECIAL-19001069,2.0,666.67,1333.34
pg Glass Top AYUSH BLK 3B,5.0,2542.37,12711.85
pg IVO HEALTHIFRY+ DIGITAL AIR FRYER 5.4L-19004931,2.0,4660.17,9320.34
pg EVA INFRARED COOKTOP 2000W-19003278,5.0,2222.88,11114.4
pg COMFY 1000W DRY IRON-,5.0,422.88,2114.4
pg CORDLESS DRY IRON 1300W,5.0,617.8,3089.0
PG MIXER GRINDER ORB 750W 3J ALPINE GREEN-19004230,3.0,2456.78,7370.34
pg Mixer Grinder SMARTY 550W-16002630,12.0,1144.07,13728.84
pg Lpg Stove AYUSH BLK 2B-19001659,12.0,1228.81,14745.72
pg Induction Cooktop-PRIME 1800W-19003446,12.0,889.83,10677.96
pg Non Stick Duo Pack (FT 250-Fp)-19000818,12.0,971.43,11657.16
pg DELUXE Cooker 3L O/L-19000018,12.0,1406.67,16880.04
pg APPACHATTY SPECIAL-19001069,12.0,666.67,8000.04
pg Mixer Grinder SMARTY 550W-16002630,1.0,1144.07,1144.07
pg Lpg Stove AYUSH BLK 2B-19001659,1.0,1228.81,1228.81
pg Induction Cooktop-PRIME 1800W-19003446,1.0,889.83,889.83
pg Non Stick Duo Pack (FT 250-Fp)-19000818,1.0,971.43,971.43
pg DELUXE Cooker 3L O/L-19000018,1.0,1406.67,1406.67
pg APPACHATTY SPECIAL-19001069,1.0,666.67,666.67
Usha Ceiling Fan-SWIFT 1200MM IVORY,4.0,1461.86,5847.44
pg Mixer Grinder SMARTY 550W-16002630,3.0,1144.07,3432.21
pg Lpg Stove AYUSH BLK 2B-19001659,3.0,1228.81,3686.43
pg Induction Cooktop-PRIME 1800W-19003446,3.0,889.83,2669.49
pg Non Stick Duo Pack (FT 250-Fp)-19000818,3.0,971.43,2914.29
pg DELUXE Cooker 3L O/L-19000018,3.0,1406.67,4220.01
pg APPACHATTY SPECIAL-19001069,3.0,666.67,2000.01
pg Mixer Grinder SMARTY 550W-16002630,5.0,1144.07,5720.35
pg Lpg Stove AYUSH BLK 2B-19001659,5.0,1228.81,6144.05
pg Induction Cooktop-PRIME 1800W-19003446,5.0,889.83,4449.15
pg Non Stick Duo Pack (FT 250-Fp)-19000818,5.0,971.43,4857.15
pg DELUXE Cooker 3L O/L-19000018,5.0,1406.67,7033.35
pg APPACHATTY SPECIAL-19001069,5.0,666.67,3333.35
pg Mixer Grinder SMARTY 550W-16002630,3.0,1144.07,3432.21
pg Lpg Stove AYUSH BLK 2B-19001659,3.0,1228.81,3686.43
pg Induction Cooktop-PRIME 1800W-19003446,3.0,889.83,2669.49
pg Non Stick Duo Pack (FT 250-Fp)-19000818,3.0,971.43,2914.29
pg DELUXE Cooker 3L O/L-19000018,3.0,1406.67,4220.01
pg APPACHATTY SPECIAL-19001069,3.0,666.67,2000.01
pg Mixer Grinder SMARTY 550W-16002630,1.0,1144.07,1144.07
pg Lpg Stove AYUSH BLK 2B-19001659,1.0,1228.81,1228.81
pg Induction Cooktop-PRIME 1800W-19003446,1.0,889.83,889.83
pg Non Stick Duo Pack (FT 250-Fp)-19000818,1.0,971.43,971.43
pg DELUXE Cooker 3L O/L-19000018,1.0,1406.67,1406.67
pg APPACHATTY SPECIAL-19001069,1.0,666.67,666.67
pg Mixer Grinder SMARTY 550W-16002630,2.0,1144.07,2288.14
pg Lpg Stove AYUSH BLK 2B-19001659,2.0,1228.81,2457.62
pg Induction Cooktop-PRIME 1800W-19003446,2.0,889.83,1779.66
pg Non Stick Duo Pack (FT 250-Fp)-19000818,2.0,971.43,1942.86
pg DELUXE Cooker 3L O/L-19000018,2.0,1406.67,2813.34
pg APPACHATTY SPECIAL-19001069,2.0,666.67,1333.34
pg Mixer Grinder SMARTY 550W-16002630,3.0,1144.07,3432.21
pg Lpg Stove AYUSH BLK 2B-19001659,3.0,1228.81,3686.43
pg Induction Cooktop-PRIME 1800W-19003446,3.0,889.83,2669.49
pg Non Stick Duo Pack (FT 250-Fp)-19000818,3.0,971.43,2914.29
pg DELUXE Cooker 3L O/L-19000018,3.0,1406.67,4220.01
pg APPACHATTY SPECIAL-19001069,3.0,666.67,2000.01
pg Mixer Grinder SMARTY 550W-16002630,2.0,1144.07,2288.14
pg Lpg Stove AYUSH BLK 2B-19001659,2.0,1228.81,2457.62
pg Induction Cooktop-PRIME 1800W-19003446,2.0,889.83,1779.66
pg Non Stick Duo Pack (FT 250-Fp)-19000818,2.0,971.43,1942.86
pg DELUXE Cooker 3L O/L-19000018,2.0,1406.67,2813.34
pg APPACHATTY SPECIAL-19001069,2.0,666.67,1333.34
pg STORM TAWA 280 IB-19000330,6.0,633.33,3799.98
pg STORM IB FRY PAN 240MM-19000331,6.0,609.52,3657.12
pg STORM IB FRY PAN 260MM-19000332,6.0,633.33,3799.98
pg STORM SERIES KADAI 300 IB 19000334,6.0,847.62,5085.72
pg APPACHATTY SPECIAL-19001069,24.0,284.76,6834.24
pg Induction Cooktop-PRIME 1800W-19003446,2.0,423.73,847.46
pg O/L Cooker-CALIDA 3L IB-19000025,2.0,1647.62,3295.24
pg Ultra Fast Electric Chopper,2.0,1072.03,2144.06
PORCELANA MUG-TIERRA-23  CL-2PCS,6.0,437.14,1311.42
pg IB Inner Lid Aluminium Cooker-Storm 3L-19000254,3.0,898.1,2694.3
pg Imperi Cast Iron Appachatty 220 MM-19003987,3.0,380.0,1140.0
pg 1.2 L  MULTI PURPOSE KESSEL-19001663,2.0,824.58,1649.16
pg O/L Cooker-CALIDA 3L IB-19000025,3.0,902.86,2708.58
pg Imperi Cast Iron Appachatty 220 MM-19003987,3.0,380.0,1140.0
pg Induction Cooktop-PRIME 1800W-19003446,3.0,423.73,1271.19
pg O/L Cooker-CALIDA 3L IB-19000025,3.0,1647.62,4942.86
pg RADIANCE LED LAMP,3.0,338.14,1014.42
pg HEALTHIFRY+DIGITAL AIR FRYER-19003964,1.0,2538.14,2538.14
pg 1.2 L  MULTI PURPOSE KESSEL-19001663,1.0,824.58,824.58
pg HEALTHIFRY+DIGITAL AIR FRYER-19003964,28.0,2538.14,71067.92
pg Glass Top AYUSH BLK 3B,12.0,2542.37,30508.44
pg INSTA NOODLES MAKER-19004816,12.0,931.36,11176.32
pg STORM IB FRY PAN 240MM-19000331,24.0,609.52,14628.48
pg APPACHATTY SPECIAL-19001069,24.0,284.76,6834.24
pg EVA INFRARED COOKTOP 2000W-19003278,24.0,2222.88,53349.12
pg O/L Cooker-CALIDA 3L IB-19000025,12.0,902.86,10834.32
pg Imperi Cast Iron Appachatty 220 MM-19003987,12.0,380.0,4560.0
pg IB Inner Lid Aluminium Cooker-Storm 3L-19000254,12.0,898.1,10777.2
pg IB Inner Lid Aluminium Cooker-Storm 5L-19000256,12.0,1140.95,13691.4
pg Imperi Cast Iron Appachatty 220 MM-19003987,24.0,380.0,9120.0
pg IVO HEALTHIFRY+ DIGITAL AIR FRYER 5.4L-19004931,1.0,4660.17,4660.17
pg Mixer Grinder SMARTY 550W-16002630,1.0,1144.07,1144.07
pg Lpg Stove AYUSH BLK 2B-19001659,1.0,1228.81,1228.81
pg Induction Cooktop-PRIME 1800W-19003446,1.0,889.83,889.83
pg Non Stick Duo Pack (FT 250-Fp)-19000818,1.0,971.43,971.43
pg DELUXE Cooker 3L O/L-19000018,1.0,1406.67,1406.67
pg APPACHATTY SPECIAL-19001069,1.0,666.67,666.67
pg Lpg Stove AYUSH BLK 2B-19001659,1.0,1228.81,1228.81
pg Induction Cooktop-PRIME 1800W-19003446,1.0,889.83,889.83
pg SS COOKER INOX O/L 3L-19000336,1.0,1571.43,1571.43
pg APPACHATTY SPECIAL-19001069,1.0,666.67,666.67
pg EVA INFRARED COOKTOP 2000W-19003278,6.0,2222.88,13337.28
pg Induction Cooktop-PRIME 1800W-19003446,4.0,423.73,1694.92
pg O/L Cooker-CALIDA 3L IB-19000025,4.0,1647.62,6590.48
pg STORM IB FRY PAN 240MM-19000331,3.0,609.52,1828.56
pg STORM IB FRY PAN 260MM-19000332,3.0,633.33,1899.99
pg STORM TAWA 280 IB-19000330,3.0,633.33,1899.99
pg APPACHATTY SPECIAL-19001069,9.0,284.76,2562.84
pg SS COOKER INOX O/L 3L-19000336,2.0,1236.19,2472.38
pg SS COOKER INOX O/L 5 L,2.0,1545.71,3091.42
pg Imperi Cast Iron Appachatty 220 MM-19003987,4.0,380.0,1520.0
pg Mixer Grinder SMARTY 550W-16002630,6.0,1144.07,6864.42
pg Lpg Stove AYUSH BLK 2B-19001659,6.0,1228.81,7372.86
pg Induction Cooktop-PRIME 1800W-19003446,6.0,889.83,5338.98
pg Non Stick Duo Pack (FT 250-Fp)-19000818,6.0,971.43,5828.58
pg DELUXE Cooker 3L O/L-19000018,6.0,1406.67,8440.02
pg APPACHATTY SPECIAL-19001069,6.0,666.67,4000.02
USHA LPG STOVE MAXUS 3B,16.0,2940.16,46101.71
pg Mixer Grinder SMARTY 550W-16002630,5.0,1144.07,5720.35
pg Lpg Stove AYUSH BLK 2B-19001659,5.0,1228.81,6144.05
pg Induction Cooktop-PRIME 1800W-19003446,5.0,889.83,4449.15
pg Non Stick Duo Pack (FT 250-Fp)-19000818,5.0,971.43,4857.15
pg DELUXE Cooker 3L O/L-19000018,5.0,1406.67,7033.35
pg APPACHATTY SPECIAL-19001069,5.0,666.67,3333.35
pg Induction Cooktop-PRIME 1800W-19003446,2.0,423.73,830.51
pg O/L Cooker-CALIDA 3L IB-19000025,2.0,1647.62,3229.34
pg IB Inner Lid Aluminium Cooker-Storm 5L-19000256,3.0,1140.95,3354.39
pg IB Inner Lid Aluminium Cooker-Storm 3L-19000254,3.0,898.1,2640.41
pg Imperi Cast Iron Appachatty 220 MM-19003987,6.0,380.0,2234.4
pg CORDLESS DRY IRON 1300W,2.0,617.8,1210.89
Usha Dry Iron Armor,6.0,559.32,3288.8
Usha Dry Iron Goliath,3.0,1084.75,3189.16
Usha Steam Iron 3813C-SI3813C,3.0,1000.0,2940.0
Usha Pedestal Fan Mist Air Flo 400mm,3.0,2618.64,7698.8
Usha Wall Fan -Mist Air Flow 400mm,4.0,2182.2,8554.22
Usha Ceiling Fan SWIFT 1400mm White,3.0,1559.32,4584.4
cl DAZZLE DINNER SET 23 PCS,2.0,2368.64,2368.64
"cl DAZZLE DINNER SET 28 PC MAX 11""",2.0,2846.61,2846.61
cl Dazzle Dinner set 37 pc,2.0,3134.75,3134.75
pg EVA INFRARED COOKTOP 2000W-19003278,8.0,2222.88,17783.04
hk H.A. Stew Pot W/L 8.5Ltr - AST85,2.0,3095.24,4952.38
hk Futura NS Biriyani Handi 12L-NBH12,2.0,4380.95,7009.52
hk P.C. Stainless Steel 6L - HSS60,3.0,3857.14,9604.28
hk P. C. Stainless Steel 4Ltr - HSS40,3.0,3238.1,8062.87
hk NS Frypan 28CM-NF28,2.0,1571.43,2514.29
pg EVA INFRARED COOKTOP 2000W-19003278,12.0,2222.88,25874.32
Usha Ceiling Fan SWIFT 1200mm Brown,4.0,1461.86,5730.49
Usha Pedestal Fan Mist Air Flo 400mm,2.0,2618.64,5132.53
cl IMPERIAL BREAKFAST SET 4 PC,30.0,456.78,6851.7
pg SS COOKER INOX O/L 5 L,5.0,1545.71,7728.55
pg SS COOKER INOX O/L 3L-19000336,5.0,1236.19,6180.95
pg Imperi Cast Iron Appachatty 220 MM-19003987,10.0,380.0,3800.0
pg Mixer Grinder SMARTY 550W-16002630,5.0,1144.07,5720.35
pg Lpg Stove AYUSH BLK 2B-19001659,5.0,1228.81,6144.05
pg Induction Cooktop-PRIME 1800W-19003446,5.0,889.83,4449.15
pg Non Stick Duo Pack (FT 250-Fp)-19000818,5.0,971.43,4857.15
pg DELUXE Cooker 3L O/L-19000018,5.0,1406.67,7033.35
pg APPACHATTY SPECIAL-19001069,5.0,666.67,3333.35
pg EVA INFRARED COOKTOP 2000W-19003278,6.0,2222.88,13337.28
pg Induction Cooktop-PRIME 1800W-19003446,6.0,423.73,2542.38
pg O/L Cooker-CALIDA 3L IB-19000025,6.0,1647.62,9885.72
pg STORM TAWA 280 IB-19000330,9.0,633.33,5699.97
pg STORM SERIES KADAI 300 IB 19000334,14.0,847.62,11866.68
pg APPACHATTY SPECIAL-19001069,23.0,284.76,6549.48
pg CORDLESS DRY IRON 1300W,3.0,617.8,1853.4
National Premium Push Chopper 750 ML,7.0,131.36,919.52
National Quick Chopper 1000ML,12.0,120.34,1444.08
National Premium Push Chopper 750 ML,24.0,131.36,3152.64
pg IB Inner Lid Aluminium Cooker-Storm 3L-19000254,1.0,898.1,898.1
pg IB Inner Lid Aluminium Cooker-Storm 5L-19000256,1.0,1140.95,1140.95
pg Imperi Cast Iron Appachatty 220 MM-19003987,2.0,380.0,760.0
pg LPG Tube-1.5M,24.0,126.27,3030.48
pg IB Inner Lid Aluminium Cooker-Storm 3L-19000254,10.0,898.1,8981.0
pg IB Inner Lid Aluminium Cooker-Storm 5L-19000256,10.0,1140.95,11409.5
pg Imperi Cast Iron Appachatty 220 MM-19003987,20.0,380.0,7600.0
pg CORDLESS DRY IRON 1300W,4.0,617.8,2471.2
pg Mixer Grinder SMARTY 550W-16002630,5.0,1144.07,5720.35
pg Lpg Stove AYUSH BLK 2B-19001659,5.0,1228.81,6144.05
pg Induction Cooktop-PRIME 1800W-19003446,5.0,889.83,4449.15
pg Non Stick Duo Pack (FT 250-Fp)-19000818,5.0,971.43,4857.15
pg DELUXE Cooker 3L O/L-19000018,5.0,1406.67,7033.35
pg APPACHATTY SPECIAL-19001069,5.0,666.67,3333.35
pg Lpg Stove AYUSH BLK 2B-19001659,5.0,1228.81,6144.05
pg Induction Cooktop-PRIME 1800W-19003446,5.0,889.83,4449.15
pg SS COOKER INOX O/L 3L-19000336,5.0,1571.43,7857.15
pg APPACHATTY SPECIAL-19001069,5.0,666.67,3333.35
eg ECO STEEL 1000 FLASK,3.0,1016.1,1853.36
eg ECO STEEL 750 FLASK,3.0,888.98,1621.5
eg ECO STEEL 500 FLASK,3.0,677.12,1235.07
eg TROPICAL 1000 FLASK,2.0,855.08,1710.16
eg TROPICAL 1500 FLASK,2.0,999.15,1998.3
eg TROPICAL 2000 FLASK,2.0,1155.08,2310.16
eg JUPITER 1000 FLASK,2.0,315.25,630.5
eg ECO STEEL 1000 FLASK,3.0,1016.1,1853.36
eg ECO STEEL 750 FLASK,3.0,888.98,1621.5
eg ECO STEEL 500 FLASK,3.0,677.12,1235.07
eg TROPICAL 1000 FLASK,2.0,855.08,1710.16
eg TROPICAL 1500 FLASK,2.0,999.15,1998.3
eg TROPICAL 2000 FLASK,2.0,1155.08,2310.16
eg JUPITER 1000 FLASK,2.0,315.25,630.5
pg Mixer Grinder SMARTY 550W-16002630,2.0,1144.07,2288.14
pg Lpg Stove AYUSH BLK 2B-19001659,2.0,1228.81,2457.62
pg Induction Cooktop-PRIME 1800W-19003446,2.0,889.83,1779.66
pg Non Stick Duo Pack (FT 250-Fp)-19000818,2.0,971.43,1942.86
pg DELUXE Cooker 3L O/L-19000018,2.0,1406.67,2813.34
pg APPACHATTY SPECIAL-19001069,2.0,666.67,1333.34
pg Lpg Stove AYUSH BLK 2B-19001659,2.0,1228.81,2457.62
pg Induction Cooktop-PRIME 1800W-19003446,2.0,889.83,1779.66
pg SS COOKER INOX O/L 3L-19000336,2.0,1571.43,3142.86
pg APPACHATTY SPECIAL-19001069,2.0,666.67,1333.34
pg CORDLESS DRY IRON 1300W,2.0,617.8,1235.6
eg ECO STEEL 1000 FLASK,3.0,1016.1,1853.36
eg ECO STEEL 750 FLASK,3.0,888.98,1621.5
eg ECO STEEL 500 FLASK,3.0,677.12,1235.07
eg TROPICAL 1000 FLASK,2.0,855.08,1710.16
eg TROPICAL 1500 FLASK,2.0,999.15,1998.3
eg TROPICAL 2000 FLASK,2.0,1155.08,2310.16
eg JUPITER 1000 FLASK,2.0,315.25,630.5
pg CORDLESS DRY IRON 1300W,2.0,617.8,1235.6
pg Lpg Stove AYUSH BLK 2B-19001659,5.0,1228.81,6144.05
pg Induction Cooktop-PRIME 1800W-19003446,5.0,889.83,4449.15
pg SS COOKER INOX O/L 3L-19000336,5.0,1571.43,7857.15
pg APPACHATTY SPECIAL-19001069,5.0,666.67,3333.35
pg Mixer Grinder SMARTY 550W-16002630,3.0,1144.07,3432.21
pg Lpg Stove AYUSH BLK 2B-19001659,3.0,1228.81,3686.43
pg Induction Cooktop-PRIME 1800W-19003446,3.0,889.83,2669.49
pg Non Stick Duo Pack (FT 250-Fp)-19000818,3.0,971.43,2914.29
pg DELUXE Cooker 3L O/L-19000018,3.0,1406.67,4220.01
pg APPACHATTY SPECIAL-19001069,3.0,666.67,2000.01
pg Mixer Grinder SMARTY 550W-16002630,2.0,1144.07,2288.14
pg Lpg Stove AYUSH BLK 2B-19001659,2.0,1228.81,2457.62
pg Induction Cooktop-PRIME 1800W-19003446,2.0,889.83,1779.66
pg Non Stick Duo Pack (FT 250-Fp)-19000818,2.0,971.43,1942.86
pg DELUXE Cooker 3L O/L-19000018,2.0,1406.67,2813.34
pg APPACHATTY SPECIAL-19001069,2.0,666.67,1333.34
pg Lpg Stove AYUSH BLK 2B-19001659,2.0,1228.81,2457.62
pg Induction Cooktop-PRIME 1800W-19003446,2.0,889.83,1779.66
pg SS COOKER INOX O/L 3L-19000336,2.0,1571.43,3142.86
pg APPACHATTY SPECIAL-19001069,2.0,666.67,1333.34
pg CORDLESS DRY IRON 1300W,2.0,617.8,1235.6
eg ECO STEEL 1000 FLASK,2.0,1016.1,1235.58
eg ECO STEEL 750 FLASK,2.0,888.98,1081.0
eg ECO STEEL 500 FLASK,3.0,677.12,1235.07
eg TROPICAL 1000 FLASK,2.0,855.08,1710.16
eg TROPICAL 1500 FLASK,2.0,999.15,1998.3
eg TROPICAL 2000 FLASK,2.0,1155.08,2310.16
eg JUPITER 1000 FLASK,2.0,315.25,630.5
eg ECO STEEL 500 FLASK,3.0,677.12,1235.07
eg ECO STEEL 350 FLASK,2.0,592.37,720.32
pg Mixer Grinder SMARTY 550W-16002630,6.0,1144.07,6864.42
pg Lpg Stove AYUSH BLK 2B-19001659,6.0,1228.81,7372.86
pg Induction Cooktop-PRIME 1800W-19003446,6.0,889.83,5338.98
pg Non Stick Duo Pack (FT 250-Fp)-19000818,6.0,971.43,5828.58
pg DELUXE Cooker 3L O/L-19000018,6.0,1406.67,8440.02
pg APPACHATTY SPECIAL-19001069,6.0,666.67,4000.02
pg IVO HEALTHIFRY+ DIGITAL AIR FRYER 5.4L-19004931,2.0,4660.17,9320.34
pg Mixer Grinder SMARTY 550W-16002630,2.0,1144.07,2242.38
pg Lpg Stove AYUSH BLK 2B-19001659,2.0,1228.81,2408.47
pg Induction Cooktop-PRIME 1800W-19003446,2.0,889.83,1744.07
pg Non Stick Duo Pack (FT 250-Fp)-19000818,2.0,971.43,1904.0
pg DELUXE Cooker 3L O/L-19000018,2.0,1406.67,2757.07
pg APPACHATTY SPECIAL-19001069,2.0,666.67,1306.67
pg EVA INFRARED COOKTOP 2000W-19003278,3.0,2222.88,6668.64
VIDIEM-VIVA PRO 3 BR-SS-FG-GS0298-AA,2.0,5522.03,10823.18
VIDIEM-VECTOR PULSE 3 BR SS GAS COOKTOP-FG-GS0349-AA,3.0,4711.02,13850.4
VIDIEM-VECTOR NERO 2 BR SS GAS STOVE-FG-GS0201-AA,2.0,2867.8,5620.89
VIDIEM-GLASS TOP AIR PLUS 3 BR-FG-GS0022-AA,1.0,6259.32,6134.13
VIDIEM-VOGUE 3 BR GLASS TOP-FG-GS0299-AA,1.0,13263.56,12998.29
VIDIEM-VOGUE VESTA 3BR GAS COOKTOP-REAR INLET-FG-GS0333-AA,1.0,8544.92,8374.02
VIDIEM-MIXER GRINDER ROC-1500W(COMMERCIAL)-FG-MG0059-AA,1.0,6775.42,6639.91
VIDIEM-VSTAR ADC BLU-750W-FG-MG0204-AA,1.0,6775.42,6639.91
VIDIEM-MIXER GRINDER VICTOR-650W (CHERRY RED)-FG-MG0202-AA,4.0,2251.69,8826.62
VIDIEM-MIXER GRINDER VSTAR EVO-750W-FG-MG0031-AA,3.0,3531.36,10382.2
VIDIEM-MIXER GRINDER VSTAR EVO PLUS-750W-FG-MG0044-AB,2.0,4268.64,8366.53
eg TROPICAL 1000 FLASK,4.0,855.08,3351.91
eg TROPICAL 1500 FLASK,4.0,999.15,3916.67
eg TROPICAL 2000 FLASK,2.0,1155.08,2263.96
eg LILY 2200 INSU. CASSEROLE,3.0,322.03,946.77
eg JASMINE 2500 INSU. CASSEROLE,3.0,352.54,1036.47
eg ORCHID 3500 INSU. CASSEROLE,3.0,413.56,1215.87
eg AROMA 15 SS CASSEROLE,3.0,547.62,1610.0
eg AROMA 25 SS CASSEROLE,3.0,700.95,2060.79
eg AROMA 35 SS CASSEROLE,3.0,914.29,2688.01
sr Idiyappam Stand 6P,3.0,730.48,2083.19
sr Janapriya  China Pot  Regula-3/4KG,3.0,1175.24,3351.55
sr Janapriya China Pot Giant-2 KG,3.0,2695.24,7686.29
sr Janapriya China Pot XL-1.5 KG,6.0,1730.48,9869.96
chk PUTTU MAKER WITH HANDLE,12.0,382.86,4502.43
chk CHIRATTA PUTTUMAKER,10.0,94.29,924.04
chk Alu. Rice Cooker 1 KG,3.0,1552.38,4564.0
chk SS Rice Cooker 1.5KG,4.0,2160.95,8470.92
chk Appachatty,12.0,490.48,5768.04
chk Alu. Inner Lid Cooker 5L,6.0,1133.33,6663.98
chk Inner Lid Cooker 7L,2.0,1691.43,3315.2
chk Alu. Inner Lid Cooker 3L,8.0,780.0,6115.2
sr Janapriya China Pot XL-1.5 KG,18.0,1730.48,29609.9
sr Idiyappam Stand 6P,3.0,590.48,1683.93
sr DLX Idly Stand 6P,3.0,540.0,1539.97
sr Micro Puttu Maker,12.0,260.0,2965.87
sr Janatha Puttu Cooker,6.0,555.24,3166.87
chk PUTTU MAKER WITH HANDLE,12.0,382.86,4502.43
chk CHIRATTA PUTTUMAKER,10.0,94.29,924.04
pg Lpg Stove AYUSH BLK 2B-19001659,3.0,1906.78,5720.34
pg INSTA NOODLES MAKER-19004816,3.0,931.36,2794.08
pg Glass Top AYUSH BLK 3B,1.0,2542.37,2542.37
pg INSTA NOODLES MAKER-19004816,1.0,931.36,931.36
pg STORM SERIES KADAI 300 IB 19000334,2.0,847.62,1695.24
PIGEN STORM IB KADAI 200MM-19000333,2.0,766.67,1533.34
pg STORM IB FRY PAN 240MM-19000331,4.0,609.52,2438.08
pg APPACHATTY SPECIAL-19001069,8.0,284.76,2278.08
pg O/L Cooker-CALIDA 3L IB-19000025,3.0,1647.62,4942.86
pg Induction Cooktop-PRIME 1800W-19003446,3.0,423.73,1271.19
pg Lpg Stove AYUSH BLK 2B-19001659,1.0,1228.81,1228.81
pg Induction Cooktop-PRIME 1800W-19003446,1.0,889.83,889.83
pg SS COOKER INOX O/L 3L-19000336,1.0,1571.43,1571.43
pg APPACHATTY SPECIAL-19001069,1.0,666.67,666.67
sr Micro Puttu Maker,6.0,260.0,1560.0
sr Puttu Kudam Medium,6.0,430.48,2582.88
sr Puttu Kudam Large,6.0,455.24,2731.44
sr Janatha Puttu Cooker,6.0,555.24,3331.44
sr Magic Steamer Small,3.0,684.76,2054.28
sr Magic Steamer Big,3.0,755.24,2265.72
sr Magic Steamer XL,3.0,860.0,2580.0
sr Janapriya  China Pot  Regula-3/4KG,3.0,1175.24,3525.72
sr Janapriya China Pot Big- 1KG,4.0,1350.48,5401.92
sr Janapriya China Pot Giant-2 KG,3.0,2695.24,8085.72
sr Janapriya China Pot XL-1.5 KG,2.0,1730.48,3289.99
sr Janapriya China Pot Giant-2 KG,2.0,2695.24,5124.19
sr RICE COOKER GASKET 2KG,3.0,50.85,149.5
sr SS Pot 1kG,2.0,544.76,1035.69
sr SS Pot 1.5KG,2.0,644.76,1225.81
Premier Insta Blender 400w,2.0,1432.2,2807.11
sr Chiratta Puttu Maker,6.0,195.24,1171.44
sr Micro Puttu Maker,3.0,260.0,780.0
sr Puttu Kudam Medium,3.0,430.48,1291.44
sr Puttu Kudam Large,3.0,455.24,1365.72
sr Chiratta Puttu Cooker,3.0,464.76,1394.28
sr Janapriya Idly Cooker 4P,2.0,870.48,1740.96
sr Magic Steamer Small,2.0,684.76,1369.52
sr Magic Steamer Big,2.0,755.24,1510.48
sr Magic Steamer XL,2.0,860.0,1720.0
sr Double Decker 2 Way Steamer,2.0,995.24,1990.48
sr Idiyappam Stand 6P,1.0,590.48,590.48
sr Super China Pot Regular-3/4 KG,2.0,1370.48,2740.96
sr Super China Pot Big-1KG,3.0,1515.24,4545.72
sr Super China Pot GIANT-2 KG,3.0,2935.24,8805.72
sr Rice Cooker ENERGY POT XL-1.5KG,3.0,1980.0,5364.81
eg ECO STEEL 1000 FLASK,12.0,1016.1,7437.85
eg ECO STEEL 750 FLASK,12.0,888.98,6507.33
eg ECO STEEL 500 FLASK,20.0,677.12,8260.86
eg ECO STEEL 350 FLASK,20.0,592.37,7226.91
hk P.C. Stainless Steel Tall 3L- HSS3T,1.0,2880.95,2343.37
hk Pressure Cooker Classic 3ltr - CL3T,1.0,1595.24,1297.57
hk Pressure Cooker Classic 5Ltr - CL50,1.0,2166.67,1762.37
Premier Insta Blender 400w,1.0,1432.2,1432.2
Premier Cucina HA Cooker Outer Lid 3L-103172,3.0,1300.95,3902.85
chk Alu. Inner Lid Cooker 5L,3.0,1133.33,3399.99
chk Alu. Inner Lid Cooker 3L,3.0,780.0,2340.0
chk Inner Lid Cooker 2L,2.0,745.71,1491.42
chk NS Multi Tawa,2.0,517.14,1034.28
cl ROYALE MIXING BOWL 1L,3.0,295.76,443.64
cl ROYALE MXBL SET 2 PC SET,2.0,321.19,321.19
VIDIEM-MIXER GRINDER VICTOR-650W (CHERRY RED)-FG-MG0202-AA,1.0,2251.69,2251.69
pg Ultra Fast Electric Chopper,1.0,1072.03,1072.03
pg 1.2 L  MULTI PURPOSE KESSEL-19001663,1.0,824.58,824.58
pg Lpg Stove AYUSH BLK 2B-19001659,1.0,1906.78,1906.78
pg Glass Top AYUSH BLK 3B,1.0,2542.37,2542.37
pg INSTA NOODLES MAKER-19004816,2.0,931.36,1862.72
pg SS Lpg Stove -COMPACT 2B-19000181,1.0,1271.19,1271.19
pg Ss Lpg Stove MAXIMA 2B-19000182,1.0,1694.92,1694.92
pg Induction Cooktop-PRIME 1800W-19003446,2.0,423.73,847.46
pg O/L Cooker-CALIDA 3L IB-19000025,2.0,1647.62,3295.24
pg Pedestal Fan FANTASTIC 75W-19004458,1.0,1863.56,1863.56
eg ECO STEEL 350 FLASK,3.0,592.37,1058.87
eg TROPICAL 2000 FLASK,2.0,1155.08,2263.96
sr Super China Pot Regular-3/4 KG,3.0,1370.48,4111.44
sr Super China Pot Big-1KG,3.0,1515.24,4545.72
sr Chiratta Puttu Maker,12.0,195.24,2342.88
sr Chiratta Puttu Cooker,3.0,464.76,1394.28
sr Janapriya China Pot Big- 1KG,2.0,1350.48,2700.96
chk Alu. Rice Cooker 1 KG,2.0,1552.38,3104.76
PORCELANA MUG-TIERRA-23  CL-2PCS,3.0,437.14,655.71
PORCELANA MUG-TIERRA-30  CL-WHITE-GOLD,3.0,360.95,541.42
PORCELANA MUG-TIERRA-30  CL TWIN COLOR,3.0,265.71,398.56
Dazzle Snack Set 12 pc,2.0,804.24,804.24
cl Dazzle New Morning Tea Set 5 Pc-NEW,2.0,456.78,456.78
cl DAZZLE REGALIA GS 5PC,2.0,572.03,572.03
cl IMPERIAL DESSERT SET MAX 7 PC,2.0,677.12,677.12
cl DAZZLE DINNER SET 23 PCS,5.0,2366.95,11834.75
cl DAZZLE DS 29 PCS,5.0,0.85,4.25
PORCELANA MUG-TIERRA-30  CL TWIN COLOR,5.0,0.95,4.75
sr Janapriya China Pot XL-1.5 KG,6.0,1730.48,9869.96
cl DAZZLE DINNER SET 23 PCS,10.0,2368.64,23686.4
cl DAZZLE DS 29 PCS,10.0,0.85,8.5
cl Dazzle Dinner set 37 pc,1.0,0.85,0.85
"cl DAZZLE DINNER SET 28 PC MAX 11""",10.0,2846.61,13521.4
cl DAZZLE  DINNER SET 9 PCS,2.0,1016.1,965.29
cl DAZZLE DINNER SET 12 PCS-NEW,2.0,1397.46,1327.59
cl IMPERIAL DESSERT SET MAX 7 PC,4.0,677.12,1354.24
Dazzle Snack Set 12 pc,4.0,804.24,1608.48
cl Dazzle New Morning Tea Set 5 Pc-NEW,4.0,456.78,913.56
cl DAZZLE REGALIA GS 5PC,4.0,572.03,1144.06
cl QUEEN 13CL M CUP AND SAUCER 12PC,6.0,555.08,1798.46
PORCELANA MUG-TIERRA-30  CL TWIN COLOR,12.0,265.71,1514.55
PORCELANA MUG-TIERRA-23  CL-2PCS,12.0,437.14,2491.7
PORCELANA MUG-TIERRA-30  CL-ONYX  BLACK-GOLD,6.0,360.95,1028.71
PORCELANA MUG-TIERRA-30  CL-WHITE-GOLD,3.0,360.95,514.35
PORCELANA MUG-TIERRA-30 CL-ONYX BLACK-PLATINUM,6.0,360.95,1028.71
Usha Mixer Grinder-Thunderbolt Red 800w,1.0,3046.61,2985.68
Usha Dry Iron 2802,1.0,474.58,465.09
pg Calida Cooker 5L O/L IB,1.0,1066.67,1045.34
pg Lpg Stove AYUSH BLK 2B-19001659,1.0,1228.81,1228.81
pg Induction Cooktop-PRIME 1800W-19003446,1.0,889.83,889.83
pg SS COOKER INOX O/L 3L-19000336,1.0,1571.43,1571.43
pg APPACHATTY SPECIAL-19001069,1.0,666.67,666.67
pg Lpg Stove AYUSH BLK 2B-19001659,1.0,1228.81,1204.23
pg Induction Cooktop-PRIME 1800W-19003446,1.0,889.83,872.03
pg SS COOKER INOX O/L 3L-19000336,1.0,1571.43,1540.0
pg APPACHATTY SPECIAL-19001069,1.0,666.67,653.34
pg Lpg Stove AYUSH BLK 2B-19001659,1.0,1228.81,1204.23
pg Induction Cooktop-PRIME 1800W-19003446,1.0,889.83,872.03
pg SS COOKER INOX O/L 3L-19000336,1.0,1571.43,1540.0
pg APPACHATTY SPECIAL-19001069,1.0,666.67,653.34
eg AROMA 35 SS CASSEROLE,1.0,914.29,896.0
pg EVA INFRARED COOKTOP 2000W-19003278,1.0,2222.88,2222.88
pg Induction Cooktop-PRIME 1800W-19003446,1.0,423.73,423.73
pg O/L Cooker-CALIDA 3L IB-19000025,1.0,1647.62,1647.62
"cl DAZZLE DINNER PLATE 10"" 6 PC",6.0,284.75,1708.5
USHA INFRARED COOKTOP IR2200TCB BLACK,2.0,2605.93,5107.62
pg Pedestal Fan FANTASTIC 75W-19004458,1.0,1863.56,1826.29
VIDIEM-VECTOR NERO 2 BR SS GAS STOVE-FG-GS0201-AA,1.0,2867.8,2810.44
hk P.C. Stainless Steel  1.5L- HSS15,3.0,2047.62,4936.41
hk Stainless Steel P.C. 2Ltr - HSS20,2.0,2452.38,3941.46
hk P.C. Stainless Steel Tall 3L- HSS3T,4.0,2880.95,9260.53
hk P. C. Stainless Steel 4Ltr - HSS40,1.0,3238.1,2602.14
hk P.C. Stainless Steel 6L - HSS60,2.0,3857.14,6199.2
"hk NS 1.5L Kadhai W/lid, Nk15S",3.0,1357.14,3192.0
hk NS Deep Fry Pan RB W/L 2.5Ltr- NK 25 S,2.0,1714.29,2688.0
hk Non Stick Kadhai WithLid 4Ltr- NK40S,2.0,2238.1,3509.34
hk Non Stick HA Kadhai 4Ltr- AK40,4.0,1904.76,5674.66
hk APPACHATTY 20CM WITH GLASS LID-NBFP09G,6.0,1285.71,6047.98
hk N.S.IB Fry Pan 20cm - INF20,2.0,1071.43,1680.0
hk Futura NS Frying Pan 24CM -NF24,2.0,1190.48,1866.67
hk NS Dosa Tava 28cm - NDT28,4.0,1500.0,4704.0
hk Stainless Steel P.C. 2Ltr - HSS20,1.0,2357.14,1894.19
Usha Steam Iron 3813C-SI3813C,3.0,1000.0,2940.0
Usha Ceiling Fan SWIFT 1200mm Brown,4.0,1461.86,5730.49
USHA INFRARED COOKTOP IR2200TCB BLACK,2.0,2605.93,5107.62
pg NUTRI BLENDER-400W - 2 JAR-19004609,4.0,1270.34,4979.73
pg NUTRI BLENDER 400W 3JAR-19004620,4.0,1439.83,5644.13
pg CORDLESS DRY IRON 1300W,4.0,617.8,2421.78
pg Nonstic Flat Tawa 250-EX-19000772,6.0,1042.86,3066.01
pg STORM TAWA 280 IB-19000330,6.0,633.33,3723.98
pg STORM SERIES KADAI 300 IB 19000334,6.0,847.62,4984.01
PIGEN STORM IB KADAI 200MM-19000333,6.0,766.67,4508.02
pg APPACHATTY SPECIAL-19001069,18.0,284.76,5023.17
pg EVA INFRARED COOKTOP 2000W-19003278,7.0,2222.88,15248.96
pg EVA INFRARED COOKTOP 2000W-19003278,1.0,0.85,0.85
cl DAZZLE  DINNER SET 9 PCS,5.0,1016.1,2364.98
cl DAZZLE DINNER SET 12 PCS,5.0,1292.37,3007.98
cl REGAL DS 19PC,5.0,2453.39,5710.26
cl DAZZLE DINNER SET 23 PCS,5.0,2368.64,5513.01
"cl DAZZLE DINNER SET 28 PC MAX 11""",5.0,2846.61,6625.48
Signoware Moonlite Steel Box,6.0,265.25,1559.67
CITY PULSE RECTANGLE STEEL LUNCH BOX,8.0,261.9,2053.3
CITY PULSE SS LUNCH BOX VALENTINE,6.0,261.9,1539.97
CITY PULSE SS LUNCH BOX OBLONG,1.0,261.9,256.66
CITY PULSE ESQUIRE SS LUNCH BOX,1.0,261.9,256.66
pg RADIANCE LED LAMP,1.0,338.14,331.38
pg Mixer Grinder SMARTY 550W-16002630,25.0,1144.07,27743.7
pg Lpg Stove AYUSH BLK 2B-19001659,25.0,1228.81,29798.64
pg Induction Cooktop-PRIME 1800W-19003446,25.0,889.83,21578.38
pg Non Stick Duo Pack (FT 250-Fp)-19000818,25.0,971.43,23557.18
pg DELUXE Cooker 3L O/L-19000018,25.0,1406.67,34111.75
pg APPACHATTY SPECIAL-19001069,25.0,666.67,16166.75
pg SS COOKER INOX O/L 3L-19000336,20.0,1236.19,23982.09
pg Imperi Cast Iron Appachatty 220 MM-19003987,20.0,380.0,7372.0
pg CORDLESS DRY IRON 1300W,6.0,617.8,3595.6
pg Mixer Grinder SMARTY 550W-16002630,10.0,1144.07,11440.7
pg Lpg Stove AYUSH BLK 2B-19001659,10.0,1228.81,12288.1
pg Induction Cooktop-PRIME 1800W-19003446,10.0,889.83,8898.3
pg Non Stick Duo Pack (FT 250-Fp)-19000818,10.0,971.43,9714.3
pg DELUXE Cooker 3L O/L-19000018,10.0,1406.67,14066.7
pg APPACHATTY SPECIAL-19001069,10.0,666.67,6666.7
pg Lpg Stove AYUSH BLK 2B-19001659,3.0,1228.81,3686.43
pg Induction Cooktop-PRIME 1800W-19003446,3.0,889.83,2669.49
pg SS COOKER INOX O/L 3L-19000336,3.0,1571.43,4714.29
pg APPACHATTY SPECIAL-19001069,3.0,666.67,2000.01
pg Mixer Grinder SMARTY 550W-16002630,3.0,1144.07,3432.21
pg Lpg Stove AYUSH BLK 2B-19001659,3.0,1228.81,3686.43
pg Induction Cooktop-PRIME 1800W-19003446,3.0,889.83,2669.49
pg Non Stick Duo Pack (FT 250-Fp)-19000818,3.0,971.43,2914.29
pg DELUXE Cooker 3L O/L-19000018,3.0,1406.67,4220.01
pg APPACHATTY SPECIAL-19001069,3.0,666.67,2000.01
VIDIEM-MIXER GRINDER ROC XL-1500W (3 LTR JAR)-FG-MG0213-AA,2.0,7586.44,15172.88
VIDIEM-MIXER GRINDER VICTOR-650W (CHERRY RED)-FG-MG0202-AA,2.0,2251.69,4503.38
VIDIEM-MIXER GRINDER  VISION -750W (GRAY)-FG-MG0236-AA,2.0,3088.98,6177.96
hk Pressure Cooker Classic 3ltr - CL3T,2.0,1595.24,2595.14
hk Pressure Cooker Classic 5Ltr - CL50,2.0,2166.67,3524.74
NATIONAL GAS LIGHTER SANTRO,12.0,33.05,388.67
pg Mixer Grinder SMARTY 550W-16002630,3.0,1144.07,3432.21
pg Lpg Stove AYUSH BLK 2B-19001659,3.0,1228.81,3686.43
pg Induction Cooktop-PRIME 1800W-19003446,3.0,889.83,2669.49
pg Non Stick Duo Pack (FT 250-Fp)-19000818,3.0,971.43,2914.29
pg DELUXE Cooker 3L O/L-19000018,3.0,1406.67,4220.01
pg APPACHATTY SPECIAL-19001069,3.0,666.67,2000.01
pg Lpg Stove AYUSH BLK 2B-19001659,3.0,1228.81,3686.43
pg Induction Cooktop-PRIME 1800W-19003446,3.0,889.83,2669.49
pg SS COOKER INOX O/L 3L-19000336,3.0,1571.43,4714.29
pg APPACHATTY SPECIAL-19001069,3.0,666.67,2000.01
pg EVA INFRARED COOKTOP 2000W-19003278,4.0,2222.88,8891.52
pg Induction Cooktop-PRIME 1800W-19003446,4.0,423.73,1694.92
pg O/L Cooker-CALIDA 3L IB-19000025,4.0,1647.62,6590.48
hk H.A. Stew Pot W/L 8.5Ltr - AST85,1.0,3095.24,2476.19
VIDIEM-MIXER GRINDER VICTOR-650W (CHERRY RED)-FG-MG0202-AA,5.0,2251.69,11258.45
eg ECO STEEL 750 FLASK,2.0,888.98,1081.0
pg CORDLESS DRY IRON 1300W,3.0,617.8,1853.4
hk Futura Dual Hob Induction FIC2A1,1.0,8389.83,6659.84
hk Big Boy Biriyani Handi 8L with Lid-NBH8,2.0,3357.14,5263.99
hk Safety Valve - SV 1 - 25nos Card,3.0,714.29,1512.01
hk Gasket Baby HDR Card 24 - BG 1,2.0,711.86,1004.58
"hk BH +2Studs &2 Screw, BH13",4.0,72.03,203.3
Usha Dry Iron 2802,5.0,474.58,2372.9
pg IB Inner Lid Aluminium Cooker-Storm 3L-19000254,5.0,898.1,4490.5
pg IB Inner Lid Aluminium Cooker-Storm 5L-19000256,5.0,1140.95,5704.75
pg Imperi Cast Iron Appachatty 220 MM-19003987,10.0,380.0,3800.0
VIDIEM-MIXER GRINDER VICTOR-650W (CHERRY RED)-FG-MG0202-AA,3.0,2251.69,6755.07
pg STORM IB FRY PAN 240MM-19000331,3.0,609.52,1828.56
pg APPACHATTY SPECIAL-19001069,3.0,284.76,854.28
pg Lpg Stove AYUSH BLK 2B-19001659,2.0,1228.81,2457.62
pg Induction Cooktop-PRIME 1800W-19003446,2.0,889.83,1779.66
pg SS COOKER INOX O/L 3L-19000336,2.0,1571.43,3142.86
pg APPACHATTY SPECIAL-19001069,2.0,666.67,1333.34
pg IVO HEALTHIFRY+ DIGITAL AIR FRYER 5.4L-19004931,2.0,4660.17,9320.34
pg Mixer Grinder SMARTY 550W-16002630,1.0,1144.07,1144.07
pg Lpg Stove AYUSH BLK 2B-19001659,1.0,1228.81,1228.81
pg Induction Cooktop-PRIME 1800W-19003446,1.0,889.83,889.83
pg Non Stick Duo Pack (FT 250-Fp)-19000818,1.0,971.43,971.43
pg DELUXE Cooker 3L O/L-19000018,1.0,1406.67,1406.67
pg APPACHATTY SPECIAL-19001069,1.0,666.67,666.67
pg MIXER GRINDER ORB 750W-3 JAR-19003055,1.0,2372.03,2372.03
pg SS Lpg Stove -COMPACT 2B-19000181,1.0,1271.19,1271.19
pg Induction Cooktop-PRIME 1800W-19003446,1.0,423.73,423.73
pg O/L Cooker-CALIDA 3L IB-19000025,1.0,1647.62,1647.62
hk Ic Cerenity Mustard Yellow Cooker 3L-ICY30,1.0,1976.19,1976.19
PORCELANA MUG-TIERRA-23  CL-2PCS,6.0,437.14,1245.85
PORCELANA MUG-TIERRA-30  CL TWIN COLOR,12.0,265.71,1514.55
PORCELANA MUG-TIERRA-30  CL-ONYX  BLACK-GOLD,12.0,360.95,2057.41
PORCELANA MUG-TIERRA-30  CL-WHITE-GOLD,12.0,360.95,2057.41
PORCELANA MUG-TIERRA-30 CL-ONYX BLACK-PLATINUM,6.0,360.95,1028.71
cl RICCA MED MUG 18CL 6PC,57.0,402.54,12367.24
pg Lpg Stove AYUSH BLK 2B-19001659,3.0,1906.78,5720.34
pg INSTA NOODLES MAKER-19004816,3.0,931.36,2794.08
pg Glass Top AYUSH BLK 3B,3.0,2542.37,7627.11
pg INSTA NOODLES MAKER-19004816,3.0,931.36,2794.08
pg HEALTHIFRY+DIGITAL AIR FRYER-19003964,2.0,2538.14,5076.28
pg Induction Cooktop-PRIME 1800W-19003446,2.0,423.73,847.46
pg O/L Cooker-CALIDA 3L IB-19000025,2.0,1647.62,3295.24
hk for 8L Wide to 14L Cooker -IG,12.0,63.56,538.18
hk Safety Valve - SV 1 - 25nos Card,2.0,714.29,1008.01
pg Heavy Weight Iron- TITAN 1100w-19004250,2.0,846.61,1659.36
pg IB Inner Lid Aluminium Cooker-Storm 3L-19000254,2.0,898.1,1760.28
pg Imperi Cast Iron Appachatty 220 MM-19003987,2.0,380.0,744.8
pg EVA INFRARED COOKTOP 2000W-19003278,7.0,2222.88,15248.96
pg EVA INFRARED COOKTOP 2000W-19003278,1.0,0.85,0.85
pg Induction Cooktop-PRIME 1800W-19003446,1.0,423.73,423.73
pg O/L Cooker-CALIDA 3L IB-19000025,1.0,1647.62,1647.62
pg EVA INFRARED COOKTOP 2000W-19003278,1.0,2222.88,2222.88
pg Ss Lpg Stove MAXIMA 2B-19000182,5.0,1694.92,8474.6
pg EVA INFRARED COOKTOP 2000W-19003278,5.0,2222.88,11114.4
pg Induction Cooktop-PRIME 1800W-19003446,8.0,423.73,3389.84
pg O/L Cooker-CALIDA 3L IB-19000025,8.0,1647.62,13180.96
pg Induction Cooktop-PRIME 1800W-19003446,4.0,1266.95,4966.44
pg EVA INFRARED COOKTOP 2000W-19003278,1.0,2222.88,2178.42
pg Induction Cooktop-PRIME 1800W-19003446,2.0,423.73,847.46
pg O/L Cooker-CALIDA 3L IB-19000025,2.0,1647.62,3295.24
pg STORM TAWA 280 IB-19000330,2.0,633.33,1266.66
pg STORM SERIES KADAI 300 IB 19000334,2.0,847.62,1695.24
pg STORM IB FRY PAN 260MM-19000332,2.0,633.33,1266.66
pg APPACHATTY SPECIAL-19001069,6.0,284.76,1708.56
pg Lpg Stove AYUSH BLK 2B-19001659,1.0,1906.78,1906.78
pg INSTA NOODLES MAKER-19004816,1.0,931.36,931.36
pg Ss Lpg Stove MAXIMA 2B-19000182,4.0,1694.92,6779.68
pg HEALTHIFRY+DIGITAL AIR FRYER-19003964,1.0,2538.14,2538.14
pg Ultra Fast Electric Chopper,2.0,1072.03,2144.06
pg EVA INFRARED COOKTOP 2000W-19003278,7.0,2222.88,15560.16
pg EVA INFRARED COOKTOP 2000W-19003278,1.0,0.85,0.85
USHA INFRARED COOKTOP IR2200TCB BLACK,2.0,2652.54,5305.08
Usha Ceiling Fan SWIFT 1200mm Brown,4.0,1461.86,5847.44
pg HOT KETTLE 1.5L-19001178,2.0,464.41,928.82
pg HEALTHIFRY+DIGITAL AIR FRYER-19003964,2.0,2538.14,5076.28
pg Induction Cooktop-PRIME 1800W-19003446,2.0,423.73,847.46
pg O/L Cooker-CALIDA 3L IB-19000025,2.0,1647.62,3295.24
USHA INFRARED COOKTOP IR2200TCB BLACK,2.0,2652.54,5305.08
hk P.C. Contura 3Ltr -HC30,2.0,1595.24,2595.14
hk P.C. Contura 5Ltr - HC50,2.0,2309.52,3757.12
hk P.C. C.C. Contura Tomato Red 5L- CTR50,1.0,3166.67,2575.77
hk P.C. C.C. Contura Mustard Yellow 5L- CMY50,1.0,3071.43,2498.3
hk P.C. C.C. Contura Tomato Red 3L- CTR30,1.0,2261.9,1839.83
hk P.C. C.C. Contura Mustard Yellow 3L- CMY30,1.0,2261.9,1839.83
pg HEALTHIFRY+DIGITAL AIR FRYER-19003964,2.0,2538.14,5076.28
pg EVA INFRARED COOKTOP 2000W-19003278,1.0,2222.88,2222.88
pg Induction Cooktop-PRIME 1800W-19003446,1.0,423.73,423.73
pg O/L Cooker-CALIDA 3L IB-19000025,1.0,1647.62,1647.62
VIDIEM-MIXER GRINDER VICTOR-650W (CHERRY RED)-FG-MG0202-AA,4.0,2251.69,9006.76
eg ECO STEEL 1000 FLASK,2.0,1016.1,1235.58
eg ECO STEEL 750 FLASK,2.0,888.98,1081.0
eg ECO STEEL 500 FLASK,2.0,677.12,823.37
eg ECO STEEL 350 FLASK,2.0,592.37,720.32
pg EVA INFRARED COOKTOP 2000W-19003278,2.0,2222.88,4356.84
pg Induction Cooktop-PRIME 1800W-19003446,2.0,423.73,830.51
pg O/L Cooker-CALIDA 3L IB-19000025,2.0,1647.62,3229.34
pg Mixer Grinder SMARTY 550W-16002630,2.0,1144.07,2242.38
pg Lpg Stove AYUSH BLK 2B-19001659,2.0,1228.81,2408.47
pg Induction Cooktop-PRIME 1800W-19003446,2.0,889.83,1744.07
pg Non Stick Duo Pack (FT 250-Fp)-19000818,2.0,971.43,1904.0
pg DELUXE Cooker 3L O/L-19000018,2.0,1406.67,2757.07
pg APPACHATTY SPECIAL-19001069,2.0,666.67,1306.67
USHA INFRARED COOKTOP IR2200TCB BLACK,3.0,2605.93,7661.43
pg HOT KETTLE 1.5L-19001178,6.0,464.41,2730.73
pg CORDLESS DRY IRON 1300W,3.0,617.8,1816.33
pg Ultra Fast Electric Chopper,2.0,1072.03,2101.18
pg Induction Cooktop-PRIME 1800W-19003446,2.0,423.73,830.51
pg O/L Cooker-CALIDA 3L IB-19000025,2.0,1647.62,3229.34
pg SS COOKER INOX O/L 5 L,3.0,1545.71,4544.39
pg Imperi Cast Iron Appachatty 220 MM-19003987,3.0,380.0,1117.2
pg Lpg Stove AYUSH BLK 2B-19001659,1.0,1228.81,1204.23
pg Induction Cooktop-PRIME 1800W-19003446,1.0,889.83,872.03
pg SS COOKER INOX O/L 3L-19000336,1.0,1571.43,1540.0
pg APPACHATTY SPECIAL-19001069,1.0,666.67,653.34
pg Ss Lpg Stove MAXIMA 2B-19000182,3.0,1694.92,5084.76
pg RADIANCE LED LAMP,4.0,338.14,1352.56
pg Ultra Fast Electric Chopper,1.0,1072.03,1072.03
VIDIEM-MIXER GRINDER VICTOR-650W (CHERRY RED)-FG-MG0202-AA,1.0,2251.69,2251.69
pg Heavy Weight Iron- TITAN 1100w-19004250,2.0,846.61,1693.22
pg CORDLESS DRY IRON 1300W,4.0,617.8,2471.2
pg O/L Cooker-CALIDA 3L IB-19000025,6.0,902.86,5417.16
pg Calida Cooker 5L O/L IB,5.0,1066.67,5333.35
pg Imperi Cast Iron Appachatty 220 MM-19003987,11.0,380.0,4180.0
pg Induction Cooktop-PRIME 1800W-19003446,1.0,423.73,423.73
pg O/L Cooker-CALIDA 3L IB-19000025,1.0,1647.62,1647.62
pg Induction Cooktop-PRIME 1800W-19003446,3.0,423.73,1271.19
pg O/L Cooker-CALIDA 3L IB-19000025,3.0,1647.62,4942.86
pg Mixer Grinder SMARTY 550W-16002630,1.0,1144.07,1144.07
pg Lpg Stove AYUSH BLK 2B-19001659,1.0,1228.81,1228.81
pg Induction Cooktop-PRIME 1800W-19003446,1.0,889.83,889.83
pg Non Stick Duo Pack (FT 250-Fp)-19000818,1.0,971.43,971.43
pg DELUXE Cooker 3L O/L-19000018,1.0,1406.67,1406.67
pg APPACHATTY SPECIAL-19001069,1.0,666.67,666.67
pg Lpg Stove AYUSH BLK 2B-19001659,3.0,1228.81,3686.43
pg Induction Cooktop-PRIME 1800W-19003446,3.0,889.83,2669.49
pg SS COOKER INOX O/L 3L-19000336,3.0,1571.43,4714.29
pg APPACHATTY SPECIAL-19001069,3.0,666.67,2000.01
pg STORM TAWA 280 IB-19000330,4.0,633.33,2533.32
pg STORM IB FRY PAN 260MM-19000332,3.0,633.33,1899.99
pg STORM IB FRY PAN 240MM-19000331,4.0,609.52,2438.08
pg STORM SERIES KADAI 300 IB 19000334,3.0,847.62,2542.86
pg HOT KETTLE 1.5L-19001178,12.0,464.41,5572.92
pg EVA INFRARED COOKTOP 2000W-19003278,3.0,2222.88,6668.64
pg CORDLESS DRY IRON 1300W,4.0,617.8,2471.2
pg NUTRI BLENDER-400W - 2 JAR-19004609,2.0,1270.34,2540.68
pg APPACHATTY SPECIAL-19001069,14.0,284.76,3986.64
VIDIEM-MIXER GRINDER VSTAR EVO PLUS-750W-FG-MG0044-AB,1.0,4268.64,4268.64
VIDIEM-MIXER GRINDER VSTAR EVO-750W-FG-MG0031-AA,1.0,3531.36,3531.36
VIDIEM-JUMBO JUICE - 1000W-FG-MG0056-AA,1.0,4416.1,4416.1
USHA INFRARED COOKTOP IR2200TCB BLACK,3.0,2652.54,7957.62
Usha Mixer Grinder-Thunderbolt Red 800w,1.0,3940.68,3940.68
"cl DAZZLE DINNER PLATE 11"" PLAINWARE 6PC",20.0,305.08,6101.6
"cl DAZZLE DINNER PLATE 10"" 6 PC",10.0,284.75,2847.5
Usha Lpg Stove EBONY NEO SLIM 2B GT,4.0,3347.46,13389.84
USHA INFRARED COOKTOP IR2200TCB BLACK,6.0,2605.93,15635.58
VIDIEM-GLASS TOP 3 BR AIR GOLD-FG-GS0295-AA,4.0,7144.07,28576.28
VIDIEM-EDGE PULSE 3 BR GLASS COOKTOP-FG-GS0352-AA,3.0,6627.97,19883.91
VIDIEM-VECTOR PULSE 3 BR SS GAS COOKTOP-FG-GS0349-AA,2.0,4711.02,9422.04
pg Mixer Grinder SMARTY 550W-16002630,1.0,1144.07,1144.07
pg Lpg Stove AYUSH BLK 2B-19001659,1.0,1228.81,1228.81
pg Induction Cooktop-PRIME 1800W-19003446,1.0,889.83,889.83
pg Non Stick Duo Pack (FT 250-Fp)-19000818,1.0,971.43,971.43
pg DELUXE Cooker 3L O/L-19000018,1.0,1406.67,1406.67
pg APPACHATTY SPECIAL-19001069,1.0,666.67,666.67
pg Induction Cooktop-PRIME 1800W-19003446,1.0,423.73,423.73
pg O/L Cooker-CALIDA 3L IB-19000025,1.0,1647.62,1647.62
pg CORDLESS DRY IRON 1300W,3.0,617.8,1853.4
pg 1.2 L  MULTI PURPOSE KESSEL-19001663,1.0,824.58,824.58
pg HOT KETTLE 1.5L-19001178,2.0,464.41,928.82
pg - VITA GIFT SET,3.0,1093.33,3279.99
pg IVO HEALTHIFRY+ DIGITAL AIR FRYER 5.4L-19004931,1.0,4660.17,4660.17
PIGEN STORM IB KADAI 200MM-19000333,2.0,766.67,1533.34
pg STORM SERIES KADAI 300 IB 19000334,2.0,847.62,1695.24
pg STORM TAWA 280 IB-19000330,2.0,633.33,1266.66
pg STORM IB FRY PAN 240MM-19000331,2.0,609.52,1219.04
pg STORM IB FRY PAN 260MM-19000332,2.0,633.33,1266.66
pg APPACHATTY SPECIAL-19001069,10.0,284.76,2847.6
cl DAZZLE DINNER SET 23 PCS,5.0,2367.8,11839.0
cl DAZZLE DS 29 PCS,5.0,0.85,4.25
cl ROYALE MIXING BOWL 1L,5.0,0.85,4.25
pg Induction Cooktop-PRIME 1800W-19003446,2.0,423.73,847.46
pg O/L Cooker-CALIDA 3L IB-19000025,2.0,1647.62,3295.24
cl QUEEN 13CL M CUP AND SAUCER 12PC,3.0,563.56,1014.41
VIDIEM-VICTOR 2 BR SS GAS STOVE-FG-GS0265-AA,1.0,2204.24,2204.24
hk Classic Cooker 1.5L-ICL15,2.0,1357.14,2207.79
hk Pressure Cooker Classic 2ltr - CL20,3.0,1357.14,3311.69
hk Stainless Steel P.C. 2Ltr - HSS20,2.0,2452.38,3989.53
USHA INFRARED COOKTOP IR2200TCB BLACK,3.0,2652.54,7957.62
Usha Ceiling Fan SWIFT 1200mm Brown,4.0,1461.86,5847.44
Usha Pedestal Fan Mist Air Flo 400mm,2.0,2616.1,5232.2
cl REGAL DS 19PC,10.0,2453.39,11285.59
PORCELANA MUG-TIERRA-30  CL TWIN COLOR,50.0,265.71,6310.61
VIDIEM-VICTOR 2 BR SS GAS STOVE-FG-GS0265-AA,3.0,2204.24,6612.72
VIDIEM-VICTOR 3 BR SS GAS STOVE-FG-GS0264-AA,2.0,3531.36,7062.72
VIDIEM-GLASS TOP 3 BR VEER-FG-GS0280-AA,2.0,4121.19,8242.38
VIDIEM-MIXER GRINDER EVA SUPER BLU-750W-FG-MG0201-AA,1.0,3900.0,3900.0
eg AROMA 15 SS CASSEROLE,3.0,547.62,1642.86
eg AROMA 25 SS CASSEROLE,3.0,700.95,2102.85
eg AROMA 35 SS CASSEROLE,3.0,914.29,2742.87
pg HEALTHIFRY+DIGITAL AIR FRYER-19003964,24.0,2538.14,60915.36
pg EVA INFRARED COOKTOP 2000W-19003278,49.0,2222.88,108921.12
pg EVA INFRARED COOKTOP 2000W-19003278,7.0,0.85,5.95
pg Mixer Grinder SMARTY 550W-16002630,1.0,1144.07,1121.19
pg Lpg Stove AYUSH BLK 2B-19001659,1.0,1228.81,1204.23
pg Induction Cooktop-PRIME 1800W-19003446,1.0,889.83,872.03
pg Non Stick Duo Pack (FT 250-Fp)-19000818,1.0,971.43,952.0
pg DELUXE Cooker 3L O/L-19000018,1.0,1406.67,1378.54
pg APPACHATTY SPECIAL-19001069,1.0,666.67,653.34
Usha BLDC Ceiling Fan-ENERGIA 1200MM BROWN,4.0,2160.0,8640.0
pg IB Inner Lid Aluminium Cooker-Storm 3L-19000254,12.0,898.1,10561.66
USHA INFRARED COOKTOP IR2200TCB BLACK,3.0,2605.93,7661.43
eg AROMA 25 SS CASSEROLE,2.0,700.95,1373.86
pg STORM TAWA 280 IB-19000330,40.0,633.33,25333.2
pg APPACHATTY SPECIAL-19001069,40.0,284.76,11390.4
hk Pressure Cooker Classic 3ltr - CL3T,1.0,1595.24,1297.57
hk Pressure Cooker Classic 5Ltr - CL50,1.0,2071.43,1684.9
cl DAZZLE DINNER SET 23 PCS,10.0,2367.8,23678.0
cl DAZZLE DS 29 PCS,10.0,0.85,8.5
cl Dazzle Dinner set 37 pc,1.0,0.85,0.85
PORCELANA MUG-TIERRA-23  CL-2PCS,12.0,437.14,2491.7
PORCELANA MUG-TIERRA-30  CL-ONYX  BLACK-GOLD,6.0,360.95,1028.71
PORCELANA MUG-TIERRA-30  CL-WHITE-GOLD,6.0,360.95,1028.71
PORCELANA MUG-TIERRA-30 CL-ONYX BLACK-PLATINUM,6.0,360.95,1028.71
sr Super China Pot Big-1KG,3.0,1515.24,4545.72
sr Steam Cooker,6.0,860.0,5160.0
sr Idly Multi Kadai 14 Idly,2.0,1190.48,2380.96
sr Janapriya Idly Cooker 6P,1.0,1080.0,1080.0
sr Janapriya China Pot XL-1.5 KG,12.0,1730.48,19739.93
eg ECO STEEL 1000 FLASK,20.0,1016.1,12108.66
eg AROMA 35 SS CASSEROLE,3.0,914.29,2688.01
eg ORCHID 3500 INSU. CASSEROLE,3.0,413.56,1215.87
"CROMPTON AURONEODAC90, 90L HONEYCOMB AIR COOLER",1.0,8487.29,8487.29
"cl DAZZLE DINNER PLATE 11"" PLAINWARE 6PC",5.0,305.08,1494.89
hk NS Dosa Tava 28cm - NDT28,2.0,1500.0,2381.4
hk Repair Kit - KIT5L,1.0,190.68,134.54
sr Magic Steamer Big,3.0,755.24,2153.79
sr Steam Cooker,2.0,1124.76,2138.39
hk NS Frypan 28CM-NF28,2.0,1571.43,2494.81
eg JAZZ 160 FLASK,3.0,507.63,907.4
pg Induction Cooktop-PRIME 1800W-19003446,2.0,423.73,847.46
pg O/L Cooker-CALIDA 3L IB-19000025,2.0,1647.62,3295.24
pg Lpg Stove AYUSH BLK 2B-19001659,1.0,1906.78,1906.78
pg INSTA NOODLES MAKER-19004816,1.0,931.36,931.36
cl ROYALE MIXING BOWL I PC SET WLI 1.5L,2.0,380.51,380.51
PORCELANA MUG-TIERRA-30  CL TWIN COLOR,12.0,120.0,1440.0
hk Pressure Cooker Classic 3ltr - CL3T,1.0,1595.24,1297.57
hk IND Cooker INSTAA 3L  IIH3T,1.0,2238.1,1820.47
sr Janatha Puttu Cooker,6.0,555.24,3166.87
sr Chiratta Puttu Maker,6.0,195.24,1113.57
sr Micro Puttu Maker,6.0,260.0,1482.94
sr Puttu Kudam Large,6.0,455.24,2596.51
sr Steam Cooker,6.0,1124.76,6415.18
sr Super Nova 5 in 1,2.0,1650.48,3137.89
pg SPARE GASKET OUT LID ALU - MINI,25.0,33.05,809.72
hk P.C. Stainless Steel 5L- HSS50,6.0,3523.81,17197.6
hk P.C. Stainless Steel 8Ltr - HSS80,1.0,5142.86,4183.2
hk P.C. H.A. Futura Black 3Ltr - FP30,1.0,3785.71,3079.3
FUTURA 5L COOKER FP50,1.0,4619.05,3757.13
eg ECO STEEL 1000 FLASK,10.0,1016.1,6177.89
eg ORCHID 3500 INSU. CASSEROLE,5.0,413.56,2067.8
PORCELANA MUG-TIERRA-30  CL TWIN COLOR,12.0,120.0,1440.0
Premier Instant Roti Maker-062001,2.0,2932.2,3049.49
sr Janapriya China Pot XL-1.5 KG,4.0,1730.48,6579.97
sr Rice Cooker ENERGY POT XL-1.5KG,4.0,1980.0,7153.09
pg Lpg Stove AYUSH BLK 2B-19001659,1.0,1906.78,1906.78
pg Glass Top AYUSH BLK 3B,1.0,2542.37,2542.37
pg INSTA NOODLES MAKER-19004816,2.0,931.36,1862.72
pg O/L Cooker-CALIDA 3L IB-19000025,2.0,902.86,1805.72
pg Imperi Cast Iron Appachatty 220 MM-19003987,2.0,380.0,760.0
PIGEN STORM IB KADAI 200MM-19000333,2.0,766.67,1533.34
pg APPACHATTY SPECIAL-19001069,2.0,284.76,569.52
pg EVA INFRARED COOKTOP 2000W-19003278,2.0,2222.88,4445.76
pg Induction Cooktop-PRIME 1800W-19003446,2.0,423.73,847.46
pg O/L Cooker-CALIDA 3L IB-19000025,2.0,1647.62,3295.24
hk Pressure Cooker Classic 3ltr - CL3T,1.0,1595.24,1297.57
hk P.C. C.C. Contura Tomato Red 3L- CTR30,1.0,2261.9,1839.83
hk P.C. C.C. Contura Tomato Red 5L- CTR50,1.0,3166.67,2575.77
PORCELANA MUG-TIERRA-23  CL-2PCS,12.0,437.14,2491.7
PORCELANA MUG-TIERRA-30  CL TWIN COLOR,24.0,265.71,3029.09
PORCELANA MUG-TIERRA-30  CL-WHITE-GOLD,6.0,360.95,1028.71
PORCELANA MUG-TIERRA-30  CL-ONYX  BLACK-GOLD,6.0,360.95,1028.71
PORCELANA MUG-TIERRA-30 CL-ONYX BLACK-PLATINUM,6.0,360.95,1028.71
sr Janapriya China Pot XL-1.5 KG,6.0,1730.48,10382.88
sr RICE COOKER GASKET 1 KG,3.0,42.37,127.11
sr RICE COOKER GASKET 1.5KG,3.0,46.61,139.83
sr RICE COOKER GASKET 2KG,3.0,50.85,152.55
sr Malabar Uruli with Glass Lid No.6,2.0,984.76,1969.52
sr Classic Uruli with SS Lid No.7,1.0,1540.0,1540.0
sr Classic Uruli with SS Lid No.8,1.0,1804.76,1804.76
sr Super China Pot  XL-1.5 KG,2.0,1950.48,3900.96
sr Super China Pot Big-1KG,2.0,1515.24,3030.48
sr Chiratta Puttu Maker,3.0,195.24,585.72
PORCELANA MUG-TIERRA-30  CL TWIN COLOR,3.0,132.38,397.14
cl IMPERIAL STORAGE CONTAINER 3 PC FP,3.0,724.58,1086.87
cl DAZZLE REGALIA GS 5PC,4.0,572.03,1144.06
cl ROYALE MIXING BOWL 1L,3.0,295.76,443.64
cl ROYALE MIXING BOWL I PC SET WLI 1.5L,3.0,380.51,570.76
pg CORDLESS DRY IRON 1300W,1.0,617.8,617.8
sr Idly Multi Kadai 14 Idly,6.0,1190.48,6790.02
sr Multi Nova 4 in 1,6.0,1320.0,7528.75
sr Super China Pot  XL-1.5 KG,6.0,1950.48,10569.66
sr IDIYAPPAM STAND 3 PLATES,6.0,410.48,2341.21
sr Idly Multi Kadai 14 Idly,12.0,1190.48,13580.05
sr Double Decker 2 Way Steamer,6.0,995.24,5676.45
sr Super China Pot Big-1KG,3.0,1515.24,4545.72
sr Super China Pot  XL-1.5 KG,3.0,1950.48,5851.44
pg COMFY 1000W DRY IRON-,30.0,448.31,13180.31
pg HOT KETTLE 1.5L-19001178,30.0,464.41,13653.65
pg Induction Cooktop-PRIME 1800W-19003446,10.0,452.38,4433.32
pg O/L Cooker-CALIDA 3L IB-19000025,10.0,1647.62,16146.68
pg Mixer Grinder SMARTY 550W-16002630,5.0,1144.07,5605.94
pg Lpg Stove AYUSH BLK 2B-19001659,5.0,1228.81,6021.17
pg Induction Cooktop-PRIME 1800W-19003446,5.0,889.83,4360.17
pg Non Stick Duo Pack (FT 250-Fp)-19000818,5.0,971.43,4760.01
pg DELUXE Cooker 3L O/L-19000018,5.0,1406.67,6892.68
pg APPACHATTY SPECIAL-19001069,5.0,666.67,3266.68
PG CERRASTEEL CERAMIC FRY PAN 240-19004841,40.0,452.38,17733.3
pg APPACHATTY SPECIAL-19001069,40.0,284.76,11162.59
pg Nonstic Flat Tawa 250-EX-19000772,30.0,476.19,13999.99
pg APPACHATTY SPECIAL-19001069,30.0,284.76,8371.94
chk Alu. Inner Lid Cooker 5L,1.0,1133.33,1133.33
chk Alu. Inner Lid Cooker 3L,1.0,780.0,780.0
pg CORDLESS DRY IRON 1300W,1.0,617.8,617.8
pg STORM TAWA 280 IB-19000330,2.0,633.33,1266.66
pg APPACHATTY SPECIAL-19001069,2.0,284.76,569.52
eg TROPICAL 1000 FLASK,3.0,855.08,2565.24
eg TROPICAL 1500 FLASK,3.0,999.15,2997.45
eg TROPICAL 2000 FLASK,3.0,1155.08,3465.24
pg HEALTHIFRY+DIGITAL AIR FRYER-19003964,1.0,2538.14,2487.38
pg Induction Cooktop-PRIME 1800W-19003446,3.0,423.73,1245.77
pg O/L Cooker-CALIDA 3L IB-19000025,3.0,1647.62,4844.0
pg HOT KETTLE 1.5L-19001178,4.0,464.41,1820.49
cl DAZZLE DINNER SET 12 PCS-NEW,5.0,1397.46,3423.78
sr Chiratta Puttu Maker,6.0,195.24,1113.57
sr Puttu Kudam Medium,2.0,430.48,818.43
sr Puttu Kudam Large,2.0,455.24,865.51
sr Janapriya China Pot XL-1.5 KG,3.0,1730.48,4934.99
sr Magic Steamer Small,1.0,684.76,650.94
sr Magic Steamer Big,2.0,755.24,1435.87
hk Gasket Int - SG - 24nos Card,2.0,1016.95,1435.12
hk Gasket Baby HDR Card 24 - BG 1,2.0,711.86,1004.58
hk V WT 1.5-12L V05 - VW05,12.0,200.0,1693.44
hk Gasket Stainless Steel 3Ltr - BGSS,10.0,38.14,269.12
sr Super China Pot Big-1KG,4.0,1515.24,5588.7
sr Super China Pot  XL-1.5 KG,4.0,1950.48,7194.0
sr Janapriya  China Pot  Regula-3/4KG,3.0,1175.24,3351.55
sr Janapriya China Pot Big- 1KG,4.0,1350.48,5135.06
sr Janapriya China Pot XL-1.5 KG,4.0,1730.48,6579.97
sr Janapriya China Pot Giant-2 KG,2.0,2695.24,5124.19
sr Micro Puttu Maker,4.0,260.0,988.62
sr Janatha Puttu Cooker,4.0,555.24,2111.24
sr Chiratta Puttu Maker,4.0,195.24,742.38
sr Puttu Kudam Large,3.0,455.24,1298.25
sr Puttu Kudam Medium,3.0,430.48,1227.65
sr Double Handle Puttu Kudam,2.0,484.76,921.62
sr Magic Steamer Small,6.0,684.76,3905.59
sr Magic Steamer Big,6.0,755.24,4307.59
sr Magic Steamer XL,6.0,860.0,4905.1
sr Double Decker 2 Way Steamer,2.0,995.24,1892.15
sr Idly Multi Kadai 14 Idly,4.0,1190.48,4526.68
pg Mixer Grinder SMARTY 550W-16002630,1.0,1144.07,1144.07
pg Lpg Stove AYUSH BLK 2B-19001659,1.0,1228.81,1228.81
pg Induction Cooktop-PRIME 1800W-19003446,1.0,889.83,889.83
pg Non Stick Duo Pack (FT 250-Fp)-19000818,1.0,971.43,971.43
pg DELUXE Cooker 3L O/L-19000018,1.0,1406.67,1406.67
pg APPACHATTY SPECIAL-19001069,1.0,666.67,666.67
pg HEALTHIFRY+DIGITAL AIR FRYER-19003964,50.0,2538.14,126907.0
pg NUTRI BLENDER-400W - 2 JAR-19004609,12.0,1270.34,15244.08
Usha Steam Iron 3813C-SI3813C,1.0,1020.41,1000.0
pg HEALTHIFRY+DIGITAL AIR FRYER-19003964,1.0,2538.14,2487.38
