Item,Total_Quantity,Total_Sales,Average_Rate
pg EVA INFRARED COOKTOP 2000W-19003278,270.0,574059.56,2051.6613461538464
pg Lpg Stove AYUSH BLK 2B-19001659,350.0,455434.94,1336.9967021276595
pg Induction Cooktop-PRIME 1800W-19003446,485.0,350883.27,718.212578125
pg O/L Cooker-CALIDA 3L IB-19000025,244.0,346322.75,1460.31390625
pg HEALTHIFRY+DIGITAL AIR FRYER-19003964,132.0,334526.85,2538.14
pg APPACHATTY SPECIAL-19001069,711.0,319958.52999999997,571.4845283018867
pg IVO HEALTHIFRY+ DIGITAL AIR FRYER 5.4L-19004931,69.0,318914.03,4656.943076923077
pg SS COOKER INOX O/L 3L-19000336,185.0,273784.54,1509.855306122449
pg DELUXE Cooker 3L O/L-19000018,169.0,235715.7,1406.67
pg Mixer Grinder SMARTY 550W-16002630,169.0,191711.82,1144.07
pg Non Stick Duo Pack (FT 250-Fp)-19000818,169.0,162782.52,971.43
sr Janapriya China Pot XL-1.5 KG,79.0,130467.44,1730.4800000000002
cl DAZZLE DINNER SET 23 PCS,52.0,114187.35,2367.702222222222
pg Glass Top AYUSH BLK 3B,36.0,91525.31999999999,2542.37
pg Imperi Cast Iron Appachatty 220 MM-19003987,212.0,80126.8,380.0
sr Super China Pot  XL-1.5 KG,43.0,78638.44,1950.4799999999998
pg INSTA NOODLES MAKER-19004816,88.0,75759.71,867.90625
pg STORM TAWA 280 IB-19000330,111.0,70160.3,633.33
USHA INFRARED COOKTOP IR2200TCB BLACK,26.0,67699.08,2626.6455555555553
pg Ss Lpg Stove MAXIMA 2B-19000182,37.0,61655.25,1663.14
pg CORDLESS DRY IRON 1300W,95.0,58295.63,617.8
sr Super China Pot Big-1KG,40.0,58133.67,1515.24
pg STORM IB FRY PAN 240MM-19000331,84.0,51138.729999999996,609.52
pg STORM SERIES KADAI 300 IB 19000334,55.0,46432.630000000005,847.62
USHA LPG STOVE MAXUS 3B,16.0,46101.71,2940.16
VIDIEM-MIXER GRINDER VICTOR-650W (CHERRY RED)-FG-MG0202-AA,20.0,44853.66,2251.69
eg ECO STEEL 1000 FLASK,73.0,44764.63,1016.1000000000001
pg IB Inner Lid Aluminium Cooker-Storm 3L-19000254,50.0,44599.65,898.1
sr Rice Cooker ENERGY POT XL-1.5KG,23.0,44197.9,1980.0
sr Janapriya China Pot Big- 1KG,33.0,43031.42,1350.48
pg NUTRI BLENDER-400W - 2 JAR-19004609,34.0,42395.05,1247.2263636363637
pg SS Lpg Stove -COMPACT 2B-19000181,33.0,41720.43,1267.6583333333335
pg SS COOKER INOX O/L 5 L,25.0,38364.520000000004,1545.7100000000003
Usha Mixer Grinder-Thunderbolt Red 800w,12.0,37705.28,3733.7583333333337
pg IB Inner Lid Aluminium Cooker-Storm 5L-19000256,33.0,37582.89,1140.95
hk P.C. Stainless Steel 5L- HSS50,13.0,36614.19,3452.38
Usha Ceiling Fan SWIFT 1200mm Brown,24.0,34733.79,1461.86
sr Janapriya China Pot Giant-2 KG,14.0,34605.54,2534.4466666666663
hk Futura Dual Hob Induction FIC2A1,5.0,33299.229999999996,8389.83
cl DAZZLE  DINNER SET 9 PCS,69.0,32866.25,1016.1
eg ECO STEEL 750 FLASK,60.0,32191.88,888.98
pg STORM IB FRY PAN 260MM-19000332,49.0,30969.84,633.33
hk P.C. Stainless Steel Tall 3L- HSS3T,13.0,30350.82,2880.95
pg COMFY 1000W DRY IRON-,68.0,29249.75,426.05875
VIDIEM-GLASS TOP 3 BR AIR GOLD-FG-GS0295-AA,4.0,28576.28,7144.07
sr Idly Multi Kadai 14 Idly,24.0,27277.71,1190.48
pg HOT KETTLE 1.5L-19001178,58.0,26564.25,464.41
pg Swift Plus Multi Cook Kettle 1.5L,24.0,24498.9,1029.3766666666668
PORCELANA MUG-TIERRA-30  CL TWIN COLOR,199.0,23991.84,212.67076923076922
pg 1.2 L  MULTI PURPOSE KESSEL-19001663,29.0,23581.77,820.342
chk SS Rice Cooker 1.5KG,11.0,23511.129999999997,2160.95
VIDIEM-VECTOR PULSE 3 BR SS GAS COOKTOP-FG-GS0349-AA,5.0,23272.440000000002,4711.02
"cl DAZZLE DINNER SET 28 PC MAX 11""",17.0,22993.489999999998,2846.61
eg ECO STEEL 500 FLASK,51.0,20982.05,677.12
chk Alu. Inner Lid Cooker 3L,27.0,20935.2,780.0
cl RICCA MED MUG 18CL 6PC,96.0,20781.93,402.54
pg NUTRI BLENDER 400W 3JAR-19004620,15.0,20638.21,1397.455
VIDIEM-EDGE PULSE 3 BR GLASS COOKTOP-FG-GS0352-AA,3.0,19883.91,6627.97
PG CERRASTEEL SS CLAD CERAMIC TAWA 280 CP-19004626,16.0,19791.91,1281.524
eg ECO STEEL 350 FLASK,54.0,19357.11,592.37
pg Ultra Fast Electric Chopper,18.0,19103.579999999998,1072.03
"cl DAZZLE DINNER PLATE 11"" PLAINWARE 6PC",61.0,18735.05,354.0225
sr Magic Steamer Big,25.0,18396.0,755.24
hk APPACHATTY 20CM WITH GLASS LID-NBFP09G,18.0,18267.37,1285.71
Usha Pedestal Fan Mist Air Flo 400mm,7.0,18063.53,2617.793333333333
PG CERRASTEEL CERAMIC FRY PAN 240-19004841,40.0,17733.3,452.38
eg TROPICAL 2000 FLASK,15.0,17233.8,1155.08
pg Nonstic Flat Tawa 250-EX-19000772,36.0,17066.0,759.525
cl REGAL DS 19PC,15.0,16995.85,2453.39
sr Super China Pot GIANT-2 KG,6.0,16925.309999999998,2935.24
sr Super China Pot Regular-3/4 KG,13.0,16858.27,1370.48
pg Lpg Stove NEO'25 2B GT,11.0,16779.620000000003,1525.42
Usha BLDC Ceiling Fan AEROEDGE PLUS Brown,5.0,16610.17,3389.83
pg Pop Up Toaster-19003813,20.0,16593.55,846.61
PORCELANA MUG-TIERRA-23  CL-2PCS,78.0,16277.359999999999,437.14
hk P. C. Stainless Steel 4Ltr - HSS40,6.0,15869.28,3238.1
hk P.C. Stainless Steel 6L - HSS60,5.0,15803.48,3857.14
chk Alu. Rice Cooker 1 KG,10.0,15337.51,1552.38
sr Magic Steamer Small,23.0,15309.73,684.76
VIDIEM-MIXER GRINDER ROC XL-1500W (3 LTR JAR)-FG-MG0213-AA,2.0,15172.88,7586.44
eg TROPICAL 1500 FLASK,15.0,14907.32,999.15
chk Alu. Inner Lid Cooker 5L,13.0,14597.289999999999,1133.33
PG MIXER GRINDER ORB 750W 3J ALPINE GREEN-19004230,6.0,14401.7,2400.2833333333333
pg Heavy Weight Iron- TITAN 1100w-19004250,17.0,14290.78,846.61
VIDIEM-MIXER GRINDER VSTAR EVO-750W-FG-MG0031-AA,4.0,13913.560000000001,3531.36
hk Futura NS Biriyani Handi 12L-NBH12,4.0,13878.85,4380.95
hk Stainless Steel P.C. 2Ltr - HSS20,7.0,13766.64,2428.57
sr Steam Cooker,14.0,13713.57,1036.5066666666667
PIGEN STORM IB KADAI 200MM-19000333,18.0,13708.060000000001,766.67
sr Puttu Kudam Medium,32.0,13583.970000000001,430.48
sr Magic Steamer XL,16.0,13505.1,860.0
Usha Lpg Stove EBONY NEO SLIM 2B GT,4.0,13389.84,3347.46
VIDIEM-VOGUE 3 BR GLASS TOP-FG-GS0299-AA,1.0,12998.29,13263.56
hk NS Dosa Tava 28cm - NDT28,11.0,12948.68,1479.7625
eg TROPICAL 1000 FLASK,15.0,12757.79,855.08
VIDIEM-MIXER GRINDER VSTAR EVO PLUS-750W-FG-MG0044-AB,3.0,12635.170000000002,4268.64
sr Double Decker 2 Way Steamer,13.0,12544.8,995.24
sr Janapriya  China Pot  Regula-3/4KG,11.0,12463.19,1175.24
sr Chiratta Puttu Maker,65.0,12439.83,195.24
chk PUTTU MAKER WITH HANDLE,33.0,12427.630000000001,382.86
hk Pressure Cooker Classic 5Ltr - CL50,7.0,12259.119999999999,2142.86
hk Pressure Cooker Big Boy 22Ltr- BB22,2.0,12084.8,7428.57
sr Janatha Puttu Cooker,22.0,11776.42,555.24
sr Puttu Kudam Large,26.0,11566.380000000001,455.24
hk NS Frypan 28CM-NF28,9.0,10918.5,1528.5720000000001
VIDIEM-VIVA PRO 3 BR-SS-FG-GS0298-AA,2.0,10823.18,5522.03
sr Micro Puttu Maker,43.0,10820.37,260.0
sr Rice Cooker ENERGY POT Large-1 KG,7.0,10780.0,1540.0
hk Big Boy Biriyani Handi 8L with Lid-NBH8,4.0,10581.7,3357.14
pg MIXER GRINDER ORB 750W-4 JAR,4.0,10505.08,2626.27
cl DAZZLE DS 18 PCS,12.0,10487.01,1843.22
cl Dazzle Dinner set  49 pc,5.0,10452.05,4490.68
cl DAZZLE DINNER SET 12 PCS,17.0,10227.14,1292.37
chk SS Rice Cooker 1KG,6.0,10183.08,1708.57
chk Inner Lid Cooker 7L,6.0,10080.92,1691.43
hk H.A. Stew Pot W/L 8.5Ltr - AST85,4.0,9855.24,3095.24
USHA INSTANT WATER HEATER INSTAFRESH NEO 3L WHITE,4.0,9643.060000000001,2422.88
pg RADIANCE LED LAMP,27.0,9097.619999999999,375.8044444444444
PREMIER NETRAA PRESSURE COOKER 30L-001785,1.0,9035.71,12047.62
eg AROMA 35 SS CASSEROLE,10.0,9014.89,914.29
VIDIEM-VICTOR 2 BR SS GAS STOVE-FG-GS0265-AA,4.0,8816.96,2204.24
pg Calida Cooker 5L O/L IB,8.0,8803.45,1115.24
DAZZLE STELA M MUG 18CL 6PC-NEW,36.0,8771.21,487.29
var Store N Stack Square 850 ml.SF3-DSTG0508-NEW,60.0,8641.380000000001,261.86
Usha BLDC Ceiling Fan-ENERGIA 1200MM BROWN,4.0,8640.0,2160.0
Usha Wall Fan -Mist Air Flow 400mm,4.0,8554.22,2182.2
pg - VITA GIFT SET,8.0,8508.54,1069.52
"CROMPTON AURONEODAC90, 90L HONEYCOMB AIR COOLER",1.0,8487.29,8487.29
VIDIEM-VECTOR NERO 2 BR SS GAS STOVE-FG-GS0201-AA,3.0,8431.33,2867.8
VIDIEM-VOGUE VESTA 3BR GAS COOKTOP-REAR INLET-FG-GS0333-AA,1.0,8374.02,8544.92
VIDIEM-GLASS TOP 3 BR VEER-FG-GS0280-AA,2.0,8242.38,4121.19
chk Inner Lid Cooker 12L,3.0,8165.700000000001,2721.9
Premier Insta Blender 400w,6.0,8052.88,1378.53
"cl DAZZLE DINNER PLATE 10"" 6 PC",28.0,7881.46,282.3625
hk Pressure Cooker Classic 3ltr - CL3T,6.0,7785.419999999999,1595.24
chk Appachatty,16.0,7729.96,490.48
sr Multi Nova 4 in 1,6.0,7528.75,1320.0
pg GLASSTOP 2BR AYUSH,4.0,7474.58,1906.78
Usha Dry Iron Goliath,7.0,7455.61,1072.0375
var Store N Stack Square 650 ml.SF3-DSTG0507-NEW,60.0,7243.17,219.49
VIDIEM-VICTOR 3 BR SS GAS STOVE-FG-GS0264-AA,2.0,7062.72,3531.36
Usha Steam Iron 3813C-SI3813C,7.0,6880.0,1006.8033333333333
cl IMPERIAL BREAKFAST SET 4 PC,30.0,6851.7,456.78
PORCELANA MUG-TIERRA-30  CL-ONYX  BLACK-GOLD,39.0,6693.1,360.95
VIDIEM-VSTAR ADC BLU-750W-FG-MG0204-AA,1.0,6639.91,6775.42
VIDIEM-MIXER GRINDER ROC-1500W(COMMERCIAL)-FG-MG0059-AA,1.0,6639.91,6775.42
hk Pressure Cooker Classic 2ltr - CL20,6.0,6503.6900000000005,1357.14
National Elite Spin Mop (steel Wringle with handle),12.0,6406.799999999999,533.9
PORCELANA MUG-TIERRA-30  CL-WHITE-GOLD,36.0,6178.74,360.95
VIDIEM-MIXER GRINDER  VISION -750W (GRAY)-FG-MG0236-AA,2.0,6177.96,3088.98
VIDIEM-GLASS TOP AIR PLUS 3 BR-FG-GS0022-AA,1.0,6134.13,6259.32
eg JAZZ 160 FLASK,20.0,6123.4,507.63
hk P.C. Stainless Steel Contura 5L - SSC50,2.0,6047.15,3642.86
hk P.C. Classic 6.5Ltr - CL65,3.0,5924.360000000001,2404.76
sr Janapriya Idly Cooker 4P,7.0,5878.360000000001,870.48
Usha Ceiling Fan-SWIFT 1200MM IVORY,4.0,5847.44,1461.86
hk Futura NS FryPan with G/lid 224 cm-NF24G,5.0,5739.8099999999995,1452.38
hk Pressure Cooker Contura Black 3.5l- CB35,3.0,5688.05,2345.2349999999997
hk Non Stick HA Kadhai 4Ltr- AK40,4.0,5674.66,1904.76
hk Futura NS Frying Pan 24CM -NF24,6.0,5600.02,1190.48
chk Inner Lid Cooker 8L,3.0,5554.29,1851.43
eg AROMA 25 SS CASSEROLE,8.0,5537.5,700.9500000000002
Usha Dry Iron 2802,12.0,5527.280000000001,463.77
"hk NS 1.5L Kadhai W/lid, Nk15S",5.0,5208.0,1321.4250000000002
PORCELANA MUG-TIERRA-30 CL-ONYX BLACK-PLATINUM,30.0,5176.030000000001,360.95
hk P.C. C.C. Contura Tomato Red 5L- CTR50,2.0,5151.54,3166.67
var Store N Stack Square 1050 ml.SF2-DSTG0509-NEW,48.0,5123.44,194.07
pg Jumbo LPG 2B,3.0,5084.76,1694.92
hk HA STEWPOT 5L GLID - AST 50G,3.0,5061.02,2142.86
hk P.C. Stainless Steel  1.5L- HSS15,3.0,4936.41,2047.62
var Store N Stack 750 ml.SF3-DSTG0502-NEW,44.0,4883.650000000001,202.54
cl DAZZLE DINNER SET 12 PCS-NEW,7.0,4751.37,1397.46
cl QUEEN 13CL M CUP AND SAUCER 12PC,15.0,4711.25,557.9066666666666
sr Super Nova 5 in 1,3.0,4706.84,1650.48
Usha Ceiling Fan SWIFT 1400mm White,3.0,4584.4,1559.32
eg ORCHID 3500 INSU. CASSEROLE,11.0,4499.54,413.56
National Premium Push Chopper 750 ML,34.0,4443.35,128.8166666666667
Premier Instant Roti Maker-062001,3.0,4437.63,2160.17
VIDIEM-JUMBO JUICE - 1000W-FG-MG0056-AA,1.0,4416.1,4416.1
sr Idiyappam Stand 6P,7.0,4357.6,637.1466666666666
cl ROYALE MIXING BOWL I PC SET WLI 1.5L,23.0,4353.03,380.51
pg Imperi Cast Iron Dosa Tawa 300 MM-19002174,5.0,4217.139999999999,851.905
hk NS Dosa Tava 33cm - NDT33,3.0,4199.99,1785.71
hk P.C. Stainless Steel 8Ltr - HSS80,1.0,4183.2,5142.86
sr Janapriya Idly Cooker 6P,4.0,4159.9400000000005,1080.0
var Store N Stack Round 500 ML-DSTG0501-NEW,42.0,4079.7799999999997,177.12
Premier Cucina HA Cooker Outer Lid 3L-103172,3.0,3902.85,1300.95
VIDIEM-MIXER GRINDER EVA SUPER BLU-750W-FG-MG0201-AA,1.0,3900.0,3900.0
Usha Dry Iron Armor,7.0,3808.29,539.405
hk Roti Tava 26cm IART26,4.0,3790.48,1190.48
hk Ind. NS HA Deep Fry Pan 3.75ltr WL- IAD375S,2.0,3771.42,2357.14
hk Ind. NS HA Deep Fry Pan 3.75ltr WL- IAD375G,2.0,3771.42,2357.14
FUTURA 5L COOKER FP50,1.0,3757.13,4619.05
hk P.C. Contura 5Ltr - HC50,2.0,3757.12,2309.52
hk NS Dosa Tava 30cm - NDT30,3.0,3752.01,1595.24
cl DAZZLE REGALIA GS 5PC,13.0,3718.1899999999996,572.03
pg Pedestal Fan FANTASTIC 75W-19004458,2.0,3689.85,1863.56
hk P.C. C.C. Contura Tomato Red 3L- CTR30,2.0,3679.66,2261.9
hk Ceramic NS Ind Tawa 24 cm-ICT24,4.0,3658.67,1166.67
hk Safety Valve - SV 1 - 25nos Card,7.0,3528.02,714.29
hk Non Stick Kadhai WithLid 4Ltr- NK40S,2.0,3509.34,2238.1
"ZARAH  DINNER  PLATE 10""  (PLAINWARE) 6PC",12.0,3417.0,284.75
chk Tawa Medium 26.5 CM,7.0,3403.9300000000003,490.48
hk Ceramic NS IB Handi 3 L-ICH30G,2.0,3270.4,2085.71
"Futura Hard Anodised Tava 28cm,IART28",3.0,3257.14,1357.14
eg AROMA 15 SS CASSEROLE,6.0,3252.8599999999997,547.62
sr Chiratta Puttu Cooker,7.0,3230.3599999999997,464.76
chk PUTTUMAKER WITHOUT HANDLE,9.0,3218.4,360.0
cl Dazzle Dinner set 37 pc,4.0,3136.45,1045.4833333333333
hk P.C. H.A. Futura Black 3Ltr - FP30,1.0,3079.3,3785.71
sr SS Pot 1.5KG,5.0,3064.5299999999997,644.76
pg LPG Tube-1.5M,24.0,3030.48,126.27
hk Gasket Baby HDR Card 24 - BG 1,6.0,3013.7400000000002,711.86
hk Futura Cast Iron Dosa Tava 27CM-CIDT27,2.0,3009.52,1880.95
hk Gasket Int - SG - 24nos Card,4.0,2870.24,1016.9500000000002
cl ROYALE MIXING BOWL 1L,38.0,2856.3,148.305
hk ICNS Futura Flat Tawa 30cm - INFT30,2.0,2800.0,1785.71
"hk HA Tava 28cm, AT28",3.0,2765.71,1152.38
hk NS Deep Fry Pan RB W/L 2.5Ltr- NK 25 S,2.0,2688.0,1714.29
var shaker 575 mL-AQUA0207028,30.0,2632.2299999999996,160.17
hk P.C. Contura 3Ltr -HC30,2.0,2595.14,1595.24
sr SS Pot 1kG,5.0,2589.23,544.76
hk P.C. C.C. Contura Apple Green 5L- CAG50,1.0,2549.29,3071.43
eg JUPITER 1000 FLASK,8.0,2522.0,315.25
hk FUTURA NS FLAT TAWA  W/P HANDLE-NFT30P,2.0,2514.29,1571.43
hk P.C. C.C. Contura Mustard Yellow 5L- CMY50,1.0,2498.3,3071.43
Usha Dry Iron Aurora,4.0,2489.17,625.42
hk NS Flat Tava 26cm Ind - INFT26,2.0,2464.0,1571.43
var Store N Stack Square 2150 ML-DSTG0517-NEW,24.0,2449.79,185.59
hk NS Frypan 24 CM with Ss Lid-NF24S,2.0,2438.1,1523.81
chk CHIRATTA PUTTUMAKER,26.0,2413.8199999999997,94.29
Dazzle Snack Set 12 pc,6.0,2412.7200000000003,804.24
pg MIXER GRINDER ORB 750W-3 JAR-19003055,1.0,2372.03,2372.03
hk WOODEN SPATULA X5-SPTL5,22.0,2346.61,133.33
sr IDIYAPPAM STAND 3 PLATES,6.0,2341.21,410.48
var Store N Stack Square 1750 ml. - DSTG0516-NEW,24.0,2337.98,177.12
PEXPO TERMO BOTTLE CAMEO 500ML,6.0,2326.83,719.49
hk Bamboo Spatula Set-BSPTL3,15.0,2279.86,190.48
hk Diecast Pizza Maker 30 cm,1.0,2247.62,2809.52
chk Inner Lid Cooker 10L,1.0,2240.0,2240.0
var Royal Pedal Bin 12L-UTLT0022028,12.0,2232.18,372.03
hk Classic Cooker 1.5L-ICL15,2.0,2207.79,1357.14
cl IMPERIAL STORAGE CONTAINER 3 PC FP,6.0,2173.74,724.58
hk V WT 1.5-12L V05 - VW05,15.0,2147.05,207.14499999999998
hk N.S. HA Deep Fry Pan W.L. 5L-  AD50S,1.0,2116.8,2666.67
hk Pressure Cooker Classic 8Ltr - CL8T,1.0,2085.54,2595.24
Premier Legend Tawa 32CM-059506,2.0,2066.67,2066.67
sr IDLY MULTIPOT 10 IDLY,2.0,2053.3,1080.0
CITY PULSE RECTANGLE STEEL LUNCH BOX,8.0,2053.3,261.9
FLAMINGO TERMO BOTTLE 1000ML,4.0,2048.99,931.36
cl IMPERIAL DESSERT SET MAX 7 PC,6.0,2031.3600000000001,677.12
hk IC CERENITY TOMATO RED 3L-ICR30,1.0,2015.71,2428.57
hk Ic Cerenity Mustard Yellow Cooker 3L-ICY30,1.0,1976.19,1976.19
sr Malabar Uruli with Glass Lid No.6,2.0,1969.52,984.76
hk NS Frypan 20CM with Ss Lid-NF20S,2.0,1942.86,1214.29
hk P.C. C.C. Contura Apple Green 3L- CAG30,1.0,1897.93,2333.33
hk Futura NS Frypan 20 CM with Glass Lid-NF20G,2.0,1866.67,1166.67
hk P.C. C.C. Contura Mustard Yellow 3L- CMY30,1.0,1839.83,2261.9
hk IND Cooker INSTAA 3L  IIH3T,1.0,1820.47,2238.1
sr Classic Uruli with SS Lid No.8,1.0,1804.76,1804.76
hk Pressure Cooker Contura Black 3L- CB30,1.0,1781.74,2190.48
cl ROYALE MXBL SET 2 PC SET,11.0,1747.27,321.19
hk Futura HA CnS IB Handi 4L W/G Lid -IACH40G,1.0,1738.8,2190.48
hk IC NS FP 29 cm w/l-INFS29S,1.0,1719.9,2166.67
pg SS LPG STOVE DUO 2B,1.0,1694.92,1694.92
hk N.S.IB Fry Pan 20cm - INF20,2.0,1680.0,1071.43
PREMIER LEGEND FRYPAN 260MM-059533,2.0,1619.05,1619.05
NATIONAL GAS LIGHTER SANTRO,48.0,1578.47,33.05
DIVINE PRE RICCA MUG M 6PC NEW,6.0,1563.57,521.19
Signoware Moonlite Steel Box,6.0,1559.67,265.25
sr Classic Uruli with SS Lid No.7,1.0,1540.0,1540.0
sr DLX Idly Stand 6P,3.0,1539.97,540.0
CITY PULSE SS LUNCH BOX VALENTINE,6.0,1539.97,261.9
"var Mini Glory Container Set 1,2,3L-045802-NEW",12.0,1522.7399999999998,233.05
hk H.A. I.C. Cook N Serve Bowl 3Ltr -  IACB30,1.0,1493.1,1880.95
"var Glory Container Set 5,7,10L Assorted-DSTG0420028",6.0,1492.43,507.63
chk Inner Lid Cooker 2L,2.0,1491.42,745.71
National Quick Chopper 1000ML,12.0,1444.08,120.34
PG CERRASTEEL SS CLAD CERAMIC FRY PAN 240-19004790,2.0,1424.76,712.38
cl Dazzle New Morning Tea Set 5 Pc-NEW,6.0,1370.34,456.78
chk Inner Lid Cooker 6L,1.0,1358.1,1358.1
hk IB NS Dosa Tawa 28cm-INDT28,1.0,1344.0,1714.29
var V Fresh 650 ml.SF4-DSTG0330,12.0,1336.76,202.54
pg NUTRI MASTER 2 Jars-16002387,1.0,1244.93,1270.34
var Store N Stack 1000 ml.SF2-DSTG0503-NEW,12.0,1224.89,185.59
var Store N Stack Round 2000 ML-DSTG0514 -NEW,12.0,1113.02,168.64
var PET Clamp It Rectangle 2400ML-CLMP0203000,6.0,1059.93,321.19
Usha Dry Iron 1602,2.0,1052.0900000000001,531.36
hk HA IC Ezee Pour Sauce Pan WL 2Ltr- IAS20S,1.0,1050.84,1323.81
eg JASMINE 2500 INSU. CASSEROLE,3.0,1036.47,352.54
chk NS Multi Tawa,2.0,1034.28,517.14
var V Fresh 400 ml.SF4-DSTG0329,12.0,1001.15,151.69
Usha SS Lpg Stove MAXUS 2B,1.0,992.72,1779.66
Premier Legend Tawa 30CM-059505,1.0,961.9,1923.81
eg LILY 2200 INSU. CASSEROLE,3.0,946.77,322.03
sr Double Handle Puttu Kudam,2.0,921.62,484.76
Roti Tava 24 cm IART24,1.0,840.0,1071.43
pg SPARE GASKET OUT LID ALU - MINI,25.0,809.72,33.05
var Royal Pedal Bin 6L-UTLT0020028,6.0,785.58,261.86
Ninos Spout Bottle 700 Disney-31920,4.0,762.72,190.68
var V Fresh 250 ml. SF4-DSTG0328028,12.0,721.51,109.32
var MEALMATE 900 LUNCH0089003,2.0,717.64,665.71
Dazzle Quarter Plate Plain 6 Pc Set,3.0,701.7,233.9
PEXPO CHROMO 750 ML BOTTLE,4.0,651.46,332.38
var V Fresh 1500 ml.SF2-DSTG0332,6.0,640.43,194.07
var Imperial 2500 DSET0063028,2.0,619.92,563.56
var SS Tumbler 500 ml. Assorted-AQUA0209028,6.0,612.91,189.52
var Roma Casserole 2700 Assorted-DSET0077028,2.0,605.0,550.0
var Royal Soap Case Assorted-BATH0210028,24.0,549.12,45.76
var Store N Stack Square 1750 ml. Assorted- DSTG0516028,6.0,545.38,168.64
var Store N Stack 2500 ML-DSTG0515006,6.0,545.38,168.64
hk for 8L Wide to 14L Cooker -IG,12.0,538.18,63.56
var Milano 2000 ML-DSET0056,2.0,530.42,482.2
var Mint O Mug 1000ML-BATH0112028,18.0,457.65,50.85
sr RICE COOKER GASKET 2KG,9.0,451.55,50.85
hk V WT 2-22L V 75/95 - VW75,3.0,423.36,200.0
var Store N Stack Round 2000 ML-DSTG0514,4.0,400.13,185.59
PEXPO GENRO 1000 ML BOTTLE,2.0,399.05,399.05
var Multi Container 530 ml.  DSTG0012028,6.0,397.39,122.88
sr Vattayappam Stand 3plate,1.0,393.82,414.29
hk Gasket Stainless Steel 3Ltr - BGSS,16.0,391.09000000000003,33.475
var Royal Balti 17 Ltr-BATH0204028,2.0,377.92,405.93
var PP - Clampit 600 ml. Transparent  CLPP0005000,6.0,377.55,114.41
var -Smart Saver 500ml. Set of 2-DSTG0427028,4.0,326.28,148.31
Signoraware Aqua Steel Water Bottle 500 Ml-SGW3401,2.0,304.76,152.38
hk MINI GASKET MG,16.0,286.97,25.42
sr RICE COOKER GASKET 1.5KG,6.0,276.86,46.61
CITY PULSE SS LUNCH BOX OBLONG,1.0,256.66,261.9
CITY PULSE ESQUIRE SS LUNCH BOX,1.0,256.66,261.9
sr RICE COOKER GASKET 1 KG,6.0,251.68,42.37
Gas Cylinder Plastic Trolley,3.0,249.16,84.75
hk SUB. BODY HANDLE V75-SBH75,6.0,215.28,50.85
hk Body Handle V 95/05- B1101/BH95,4.0,203.3,72.03
"hk BH +2Studs &2 Screw, BH13",4.0,203.3,72.03
hk Repair Kit - KIT5L,1.0,134.54,190.68
sr RICE COOKER GASKET  0.75KG,3.0,112.13,38.14
chk RUBBER GASKET TRC 1.5KG,3.0,92.2,31.36
chk RUBBER GASKET TRC 1KG,3.0,77.23,26.27
var Crystal Mug 1.5L-BATH0401128,2.0,72.26,73.73
cl DAZZLE DS 29 PCS,45.0,38.25,0.85
